--
-- PostgreSQL database dump
--

-- Dumped from database version 17.4 (Postgres.app)
-- Dumped by pg_dump version 17.4 (Postgres.app)

SET statement_timeout = 0;
SET lock_timeout = 0;
SET idle_in_transaction_session_timeout = 0;
SET transaction_timeout = 0;
SET client_encoding = 'UTF8';
SET standard_conforming_strings = on;
SELECT pg_catalog.set_config('search_path', '', false);
SET check_function_bodies = false;
SET xmloption = content;
SET client_min_messages = warning;
SET row_security = off;

SET default_tablespace = '';

SET default_table_access_method = heap;

--
-- Name: auth_group; Type: TABLE; Schema: public; Owner: admin
--

CREATE TABLE public.auth_group (
    id integer NOT NULL,
    name character varying(150) NOT NULL
);


ALTER TABLE public.auth_group OWNER TO admin;

--
-- Name: auth_group_id_seq; Type: SEQUENCE; Schema: public; Owner: admin
--

ALTER TABLE public.auth_group ALTER COLUMN id ADD GENERATED BY DEFAULT AS IDENTITY (
    SEQUENCE NAME public.auth_group_id_seq
    START WITH 1
    INCREMENT BY 1
    NO MINVALUE
    NO MAXVALUE
    CACHE 1
);


--
-- Name: auth_group_permissions; Type: TABLE; Schema: public; Owner: admin
--

CREATE TABLE public.auth_group_permissions (
    id bigint NOT NULL,
    group_id integer NOT NULL,
    permission_id integer NOT NULL
);


ALTER TABLE public.auth_group_permissions OWNER TO admin;

--
-- Name: auth_group_permissions_id_seq; Type: SEQUENCE; Schema: public; Owner: admin
--

ALTER TABLE public.auth_group_permissions ALTER COLUMN id ADD GENERATED BY DEFAULT AS IDENTITY (
    SEQUENCE NAME public.auth_group_permissions_id_seq
    START WITH 1
    INCREMENT BY 1
    NO MINVALUE
    NO MAXVALUE
    CACHE 1
);


--
-- Name: auth_permission; Type: TABLE; Schema: public; Owner: admin
--

CREATE TABLE public.auth_permission (
    id integer NOT NULL,
    name character varying(255) NOT NULL,
    content_type_id integer NOT NULL,
    codename character varying(100) NOT NULL
);


ALTER TABLE public.auth_permission OWNER TO admin;

--
-- Name: auth_permission_id_seq; Type: SEQUENCE; Schema: public; Owner: admin
--

ALTER TABLE public.auth_permission ALTER COLUMN id ADD GENERATED BY DEFAULT AS IDENTITY (
    SEQUENCE NAME public.auth_permission_id_seq
    START WITH 1
    INCREMENT BY 1
    NO MINVALUE
    NO MAXVALUE
    CACHE 1
);


--
-- Name: authtoken_token; Type: TABLE; Schema: public; Owner: admin
--

CREATE TABLE public.authtoken_token (
    key character varying(40) NOT NULL,
    created timestamp with time zone NOT NULL,
    user_id bigint NOT NULL
);


ALTER TABLE public.authtoken_token OWNER TO admin;

--
-- Name: django_admin_log; Type: TABLE; Schema: public; Owner: admin
--

CREATE TABLE public.django_admin_log (
    id integer NOT NULL,
    action_time timestamp with time zone NOT NULL,
    object_id text,
    object_repr character varying(200) NOT NULL,
    action_flag smallint NOT NULL,
    change_message text NOT NULL,
    content_type_id integer,
    user_id bigint NOT NULL,
    CONSTRAINT django_admin_log_action_flag_check CHECK ((action_flag >= 0))
);


ALTER TABLE public.django_admin_log OWNER TO admin;

--
-- Name: django_admin_log_id_seq; Type: SEQUENCE; Schema: public; Owner: admin
--

ALTER TABLE public.django_admin_log ALTER COLUMN id ADD GENERATED BY DEFAULT AS IDENTITY (
    SEQUENCE NAME public.django_admin_log_id_seq
    START WITH 1
    INCREMENT BY 1
    NO MINVALUE
    NO MAXVALUE
    CACHE 1
);


--
-- Name: django_content_type; Type: TABLE; Schema: public; Owner: admin
--

CREATE TABLE public.django_content_type (
    id integer NOT NULL,
    app_label character varying(100) NOT NULL,
    model character varying(100) NOT NULL
);


ALTER TABLE public.django_content_type OWNER TO admin;

--
-- Name: django_content_type_id_seq; Type: SEQUENCE; Schema: public; Owner: admin
--

ALTER TABLE public.django_content_type ALTER COLUMN id ADD GENERATED BY DEFAULT AS IDENTITY (
    SEQUENCE NAME public.django_content_type_id_seq
    START WITH 1
    INCREMENT BY 1
    NO MINVALUE
    NO MAXVALUE
    CACHE 1
);


--
-- Name: django_migrations; Type: TABLE; Schema: public; Owner: admin
--

CREATE TABLE public.django_migrations (
    id bigint NOT NULL,
    app character varying(255) NOT NULL,
    name character varying(255) NOT NULL,
    applied timestamp with time zone NOT NULL
);


ALTER TABLE public.django_migrations OWNER TO admin;

--
-- Name: django_migrations_id_seq; Type: SEQUENCE; Schema: public; Owner: admin
--

ALTER TABLE public.django_migrations ALTER COLUMN id ADD GENERATED BY DEFAULT AS IDENTITY (
    SEQUENCE NAME public.django_migrations_id_seq
    START WITH 1
    INCREMENT BY 1
    NO MINVALUE
    NO MAXVALUE
    CACHE 1
);


--
-- Name: django_rest_passwordreset_resetpasswordtoken; Type: TABLE; Schema: public; Owner: admin
--

CREATE TABLE public.django_rest_passwordreset_resetpasswordtoken (
    created_at timestamp with time zone NOT NULL,
    key character varying(64) NOT NULL,
    ip_address inet,
    user_agent character varying(512) NOT NULL,
    user_id bigint NOT NULL,
    id integer NOT NULL
);


ALTER TABLE public.django_rest_passwordreset_resetpasswordtoken OWNER TO admin;

--
-- Name: django_rest_passwordreset_resetpasswordtoken_id_seq; Type: SEQUENCE; Schema: public; Owner: admin
--

ALTER TABLE public.django_rest_passwordreset_resetpasswordtoken ALTER COLUMN id ADD GENERATED BY DEFAULT AS IDENTITY (
    SEQUENCE NAME public.django_rest_passwordreset_resetpasswordtoken_id_seq
    START WITH 1
    INCREMENT BY 1
    NO MINVALUE
    NO MAXVALUE
    CACHE 1
);


--
-- Name: django_session; Type: TABLE; Schema: public; Owner: admin
--

CREATE TABLE public.django_session (
    session_key character varying(40) NOT NULL,
    session_data text NOT NULL,
    expire_date timestamp with time zone NOT NULL
);


ALTER TABLE public.django_session OWNER TO admin;

--
-- Name: elearning_app_assignment; Type: TABLE; Schema: public; Owner: admin
--

CREATE TABLE public.elearning_app_assignment (
    id bigint NOT NULL,
    title character varying(256) NOT NULL,
    description character varying(1000) NOT NULL,
    deadline timestamp with time zone,
    weight double precision NOT NULL,
    created_at timestamp with time zone NOT NULL,
    last_edited_at timestamp with time zone NOT NULL,
    module_id bigint NOT NULL
);


ALTER TABLE public.elearning_app_assignment OWNER TO admin;

--
-- Name: elearning_app_assignmentsubmission; Type: TABLE; Schema: public; Owner: admin
--

CREATE TABLE public.elearning_app_assignmentsubmission (
    id bigint NOT NULL,
    submitted_on timestamp with time zone NOT NULL,
    file_submission character varying(100) NOT NULL,
    grade double precision,
    student_id bigint NOT NULL,
    assignment_id bigint NOT NULL,
    feedback character varying(500)
);


ALTER TABLE public.elearning_app_assignmentsubmission OWNER TO admin;

--
-- Name: elearning_app_assignmentsubmission_id_seq; Type: SEQUENCE; Schema: public; Owner: admin
--

ALTER TABLE public.elearning_app_assignmentsubmission ALTER COLUMN id ADD GENERATED BY DEFAULT AS IDENTITY (
    SEQUENCE NAME public.elearning_app_assignmentsubmission_id_seq
    START WITH 1
    INCREMENT BY 1
    NO MINVALUE
    NO MAXVALUE
    CACHE 1
);


--
-- Name: elearning_app_chat; Type: TABLE; Schema: public; Owner: admin
--

CREATE TABLE public.elearning_app_chat (
    id bigint NOT NULL,
    title character varying(256) NOT NULL,
    picture character varying(100),
    created_at timestamp with time zone NOT NULL,
    last_edited_at timestamp with time zone NOT NULL,
    created_by_id bigint NOT NULL,
    is_active boolean NOT NULL
);


ALTER TABLE public.elearning_app_chat OWNER TO admin;

--
-- Name: elearning_app_chat_id_seq; Type: SEQUENCE; Schema: public; Owner: admin
--

ALTER TABLE public.elearning_app_chat ALTER COLUMN id ADD GENERATED BY DEFAULT AS IDENTITY (
    SEQUENCE NAME public.elearning_app_chat_id_seq
    START WITH 1
    INCREMENT BY 1
    NO MINVALUE
    NO MAXVALUE
    CACHE 1
);


--
-- Name: elearning_app_chatmessage; Type: TABLE; Schema: public; Owner: admin
--

CREATE TABLE public.elearning_app_chatmessage (
    id bigint NOT NULL,
    sent_at timestamp with time zone NOT NULL,
    text character varying(256) NOT NULL,
    chat_id bigint NOT NULL,
    sender_id bigint NOT NULL
);


ALTER TABLE public.elearning_app_chatmessage OWNER TO admin;

--
-- Name: elearning_app_chatmessage_id_seq; Type: SEQUENCE; Schema: public; Owner: admin
--

ALTER TABLE public.elearning_app_chatmessage ALTER COLUMN id ADD GENERATED BY DEFAULT AS IDENTITY (
    SEQUENCE NAME public.elearning_app_chatmessage_id_seq
    START WITH 1
    INCREMENT BY 1
    NO MINVALUE
    NO MAXVALUE
    CACHE 1
);


--
-- Name: elearning_app_chatmessageattachments; Type: TABLE; Schema: public; Owner: admin
--

CREATE TABLE public.elearning_app_chatmessageattachments (
    id bigint NOT NULL,
    attachment character varying(100) NOT NULL,
    chat_message_id bigint NOT NULL
);


ALTER TABLE public.elearning_app_chatmessageattachments OWNER TO admin;

--
-- Name: elearning_app_chatmessageattachments_id_seq; Type: SEQUENCE; Schema: public; Owner: admin
--

ALTER TABLE public.elearning_app_chatmessageattachments ALTER COLUMN id ADD GENERATED BY DEFAULT AS IDENTITY (
    SEQUENCE NAME public.elearning_app_chatmessageattachments_id_seq
    START WITH 1
    INCREMENT BY 1
    NO MINVALUE
    NO MAXVALUE
    CACHE 1
);


--
-- Name: elearning_app_chatparticipant; Type: TABLE; Schema: public; Owner: admin
--

CREATE TABLE public.elearning_app_chatparticipant (
    id bigint NOT NULL,
    chat_id bigint NOT NULL,
    user_id bigint NOT NULL
);


ALTER TABLE public.elearning_app_chatparticipant OWNER TO admin;

--
-- Name: elearning_app_chatparticipant_id_seq; Type: SEQUENCE; Schema: public; Owner: admin
--

ALTER TABLE public.elearning_app_chatparticipant ALTER COLUMN id ADD GENERATED BY DEFAULT AS IDENTITY (
    SEQUENCE NAME public.elearning_app_chatparticipant_id_seq
    START WITH 1
    INCREMENT BY 1
    NO MINVALUE
    NO MAXVALUE
    CACHE 1
);


--
-- Name: elearning_app_course; Type: TABLE; Schema: public; Owner: admin
--

CREATE TABLE public.elearning_app_course (
    id bigint NOT NULL,
    title character varying(256) NOT NULL,
    description character varying(1000),
    cover_image character varying(100),
    created_at timestamp with time zone NOT NULL,
    last_edited_at timestamp with time zone NOT NULL,
    taught_by_id bigint NOT NULL,
    end_date date NOT NULL,
    is_published boolean NOT NULL,
    start_date date NOT NULL
);


ALTER TABLE public.elearning_app_course OWNER TO admin;

--
-- Name: elearning_app_course_id_seq; Type: SEQUENCE; Schema: public; Owner: admin
--

ALTER TABLE public.elearning_app_course ALTER COLUMN id ADD GENERATED BY DEFAULT AS IDENTITY (
    SEQUENCE NAME public.elearning_app_course_id_seq
    START WITH 1
    INCREMENT BY 1
    NO MINVALUE
    NO MAXVALUE
    CACHE 1
);


--
-- Name: elearning_app_courseassignment_id_seq; Type: SEQUENCE; Schema: public; Owner: admin
--

ALTER TABLE public.elearning_app_assignment ALTER COLUMN id ADD GENERATED BY DEFAULT AS IDENTITY (
    SEQUENCE NAME public.elearning_app_courseassignment_id_seq
    START WITH 1
    INCREMENT BY 1
    NO MINVALUE
    NO MAXVALUE
    CACHE 1
);


--
-- Name: elearning_app_module; Type: TABLE; Schema: public; Owner: admin
--

CREATE TABLE public.elearning_app_module (
    id bigint NOT NULL,
    title character varying(256) NOT NULL,
    description character varying(1000),
    created_at timestamp with time zone NOT NULL,
    last_edited_at timestamp with time zone NOT NULL,
    course_id bigint NOT NULL
);


ALTER TABLE public.elearning_app_module OWNER TO admin;

--
-- Name: elearning_app_coursemodule_id_seq; Type: SEQUENCE; Schema: public; Owner: admin
--

ALTER TABLE public.elearning_app_module ALTER COLUMN id ADD GENERATED BY DEFAULT AS IDENTITY (
    SEQUENCE NAME public.elearning_app_coursemodule_id_seq
    START WITH 1
    INCREMENT BY 1
    NO MINVALUE
    NO MAXVALUE
    CACHE 1
);


--
-- Name: elearning_app_coursereview; Type: TABLE; Schema: public; Owner: admin
--

CREATE TABLE public.elearning_app_coursereview (
    id bigint NOT NULL,
    rating smallint NOT NULL,
    review character varying(500),
    created_at timestamp with time zone NOT NULL,
    course_id bigint NOT NULL,
    student_id bigint NOT NULL,
    CONSTRAINT elearning_app_coursereview_rating_check CHECK ((rating >= 0))
);


ALTER TABLE public.elearning_app_coursereview OWNER TO admin;

--
-- Name: elearning_app_coursereview_id_seq; Type: SEQUENCE; Schema: public; Owner: admin
--

ALTER TABLE public.elearning_app_coursereview ALTER COLUMN id ADD GENERATED BY DEFAULT AS IDENTITY (
    SEQUENCE NAME public.elearning_app_coursereview_id_seq
    START WITH 1
    INCREMENT BY 1
    NO MINVALUE
    NO MAXVALUE
    CACHE 1
);


--
-- Name: elearning_app_enrollment; Type: TABLE; Schema: public; Owner: admin
--

CREATE TABLE public.elearning_app_enrollment (
    id bigint NOT NULL,
    status character varying(9) NOT NULL,
    activated_on timestamp with time zone NOT NULL,
    completed_on timestamp with time zone,
    canceled_on timestamp with time zone,
    final_grade double precision,
    course_id bigint NOT NULL,
    student_id bigint NOT NULL,
    removed_on timestamp with time zone
);


ALTER TABLE public.elearning_app_enrollment OWNER TO admin;

--
-- Name: elearning_app_enrollment_id_seq; Type: SEQUENCE; Schema: public; Owner: admin
--

ALTER TABLE public.elearning_app_enrollment ALTER COLUMN id ADD GENERATED BY DEFAULT AS IDENTITY (
    SEQUENCE NAME public.elearning_app_enrollment_id_seq
    START WITH 1
    INCREMENT BY 1
    NO MINVALUE
    NO MAXVALUE
    CACHE 1
);


--
-- Name: elearning_app_lesson; Type: TABLE; Schema: public; Owner: admin
--

CREATE TABLE public.elearning_app_lesson (
    id bigint NOT NULL,
    title character varying(256) NOT NULL,
    description character varying(1000),
    lesson_file character varying(100),
    created_at timestamp with time zone NOT NULL,
    last_edited_at timestamp with time zone NOT NULL,
    module_id bigint NOT NULL
);


ALTER TABLE public.elearning_app_lesson OWNER TO admin;

--
-- Name: elearning_app_lessonprogress; Type: TABLE; Schema: public; Owner: admin
--

CREATE TABLE public.elearning_app_lessonprogress (
    id bigint NOT NULL,
    completed boolean NOT NULL,
    student_id bigint NOT NULL,
    lesson_id bigint NOT NULL
);


ALTER TABLE public.elearning_app_lessonprogress OWNER TO admin;

--
-- Name: elearning_app_lessonprogress_id_seq; Type: SEQUENCE; Schema: public; Owner: admin
--

ALTER TABLE public.elearning_app_lessonprogress ALTER COLUMN id ADD GENERATED BY DEFAULT AS IDENTITY (
    SEQUENCE NAME public.elearning_app_lessonprogress_id_seq
    START WITH 1
    INCREMENT BY 1
    NO MINVALUE
    NO MAXVALUE
    CACHE 1
);


--
-- Name: elearning_app_modulelesson_id_seq; Type: SEQUENCE; Schema: public; Owner: admin
--

ALTER TABLE public.elearning_app_lesson ALTER COLUMN id ADD GENERATED BY DEFAULT AS IDENTITY (
    SEQUENCE NAME public.elearning_app_modulelesson_id_seq
    START WITH 1
    INCREMENT BY 1
    NO MINVALUE
    NO MAXVALUE
    CACHE 1
);


--
-- Name: elearning_app_notification; Type: TABLE; Schema: public; Owner: admin
--

CREATE TABLE public.elearning_app_notification (
    id bigint NOT NULL,
    content character varying(150) NOT NULL,
    created_at timestamp with time zone NOT NULL,
    read boolean NOT NULL,
    related_course_id bigint NOT NULL,
    user_id bigint NOT NULL
);


ALTER TABLE public.elearning_app_notification OWNER TO admin;

--
-- Name: elearning_app_notification_id_seq; Type: SEQUENCE; Schema: public; Owner: admin
--

ALTER TABLE public.elearning_app_notification ALTER COLUMN id ADD GENERATED BY DEFAULT AS IDENTITY (
    SEQUENCE NAME public.elearning_app_notification_id_seq
    START WITH 1
    INCREMENT BY 1
    NO MINVALUE
    NO MAXVALUE
    CACHE 1
);


--
-- Name: elearning_app_statusupdate; Type: TABLE; Schema: public; Owner: admin
--

CREATE TABLE public.elearning_app_statusupdate (
    id bigint NOT NULL,
    text character varying(500) NOT NULL,
    created_at timestamp with time zone NOT NULL,
    student_id bigint NOT NULL,
    course_id bigint NOT NULL,
    course_progress double precision NOT NULL
);


ALTER TABLE public.elearning_app_statusupdate OWNER TO admin;

--
-- Name: elearning_app_statusupdate_id_seq; Type: SEQUENCE; Schema: public; Owner: admin
--

ALTER TABLE public.elearning_app_statusupdate ALTER COLUMN id ADD GENERATED BY DEFAULT AS IDENTITY (
    SEQUENCE NAME public.elearning_app_statusupdate_id_seq
    START WITH 1
    INCREMENT BY 1
    NO MINVALUE
    NO MAXVALUE
    CACHE 1
);


--
-- Name: elearning_app_user; Type: TABLE; Schema: public; Owner: admin
--

CREATE TABLE public.elearning_app_user (
    id bigint NOT NULL,
    password character varying(128) NOT NULL,
    last_login timestamp with time zone,
    is_superuser boolean NOT NULL,
    is_staff boolean NOT NULL,
    is_active boolean NOT NULL,
    date_joined timestamp with time zone NOT NULL,
    email character varying(254) NOT NULL,
    first_name character varying(150) NOT NULL,
    last_name character varying(150) NOT NULL,
    profile_picture character varying(100),
    bio character varying(500)
);


ALTER TABLE public.elearning_app_user OWNER TO admin;

--
-- Name: elearning_app_user_groups; Type: TABLE; Schema: public; Owner: admin
--

CREATE TABLE public.elearning_app_user_groups (
    id bigint NOT NULL,
    user_id bigint NOT NULL,
    group_id integer NOT NULL
);


ALTER TABLE public.elearning_app_user_groups OWNER TO admin;

--
-- Name: elearning_app_user_groups_id_seq; Type: SEQUENCE; Schema: public; Owner: admin
--

ALTER TABLE public.elearning_app_user_groups ALTER COLUMN id ADD GENERATED BY DEFAULT AS IDENTITY (
    SEQUENCE NAME public.elearning_app_user_groups_id_seq
    START WITH 1
    INCREMENT BY 1
    NO MINVALUE
    NO MAXVALUE
    CACHE 1
);


--
-- Name: elearning_app_user_id_seq; Type: SEQUENCE; Schema: public; Owner: admin
--

ALTER TABLE public.elearning_app_user ALTER COLUMN id ADD GENERATED BY DEFAULT AS IDENTITY (
    SEQUENCE NAME public.elearning_app_user_id_seq
    START WITH 1
    INCREMENT BY 1
    NO MINVALUE
    NO MAXVALUE
    CACHE 1
);


--
-- Name: elearning_app_user_user_permissions; Type: TABLE; Schema: public; Owner: admin
--

CREATE TABLE public.elearning_app_user_user_permissions (
    id bigint NOT NULL,
    user_id bigint NOT NULL,
    permission_id integer NOT NULL
);


ALTER TABLE public.elearning_app_user_user_permissions OWNER TO admin;

--
-- Name: elearning_app_user_user_permissions_id_seq; Type: SEQUENCE; Schema: public; Owner: admin
--

ALTER TABLE public.elearning_app_user_user_permissions ALTER COLUMN id ADD GENERATED BY DEFAULT AS IDENTITY (
    SEQUENCE NAME public.elearning_app_user_user_permissions_id_seq
    START WITH 1
    INCREMENT BY 1
    NO MINVALUE
    NO MAXVALUE
    CACHE 1
);


--
-- Name: elearning_app_userblock; Type: TABLE; Schema: public; Owner: admin
--

CREATE TABLE public.elearning_app_userblock (
    id bigint NOT NULL,
    created_at timestamp with time zone NOT NULL,
    blocked_by_id bigint NOT NULL,
    blocked_user_id bigint NOT NULL
);


ALTER TABLE public.elearning_app_userblock OWNER TO admin;

--
-- Name: elearning_app_userblocks_id_seq; Type: SEQUENCE; Schema: public; Owner: admin
--

ALTER TABLE public.elearning_app_userblock ALTER COLUMN id ADD GENERATED BY DEFAULT AS IDENTITY (
    SEQUENCE NAME public.elearning_app_userblocks_id_seq
    START WITH 1
    INCREMENT BY 1
    NO MINVALUE
    NO MAXVALUE
    CACHE 1
);


--
-- Name: guardian_groupobjectpermission; Type: TABLE; Schema: public; Owner: admin
--

CREATE TABLE public.guardian_groupobjectpermission (
    id integer NOT NULL,
    object_pk character varying(255) NOT NULL,
    content_type_id integer NOT NULL,
    group_id integer NOT NULL,
    permission_id integer NOT NULL
);


ALTER TABLE public.guardian_groupobjectpermission OWNER TO admin;

--
-- Name: guardian_groupobjectpermission_id_seq; Type: SEQUENCE; Schema: public; Owner: admin
--

ALTER TABLE public.guardian_groupobjectpermission ALTER COLUMN id ADD GENERATED BY DEFAULT AS IDENTITY (
    SEQUENCE NAME public.guardian_groupobjectpermission_id_seq
    START WITH 1
    INCREMENT BY 1
    NO MINVALUE
    NO MAXVALUE
    CACHE 1
);


--
-- Name: guardian_userobjectpermission; Type: TABLE; Schema: public; Owner: admin
--

CREATE TABLE public.guardian_userobjectpermission (
    id integer NOT NULL,
    object_pk character varying(255) NOT NULL,
    content_type_id integer NOT NULL,
    permission_id integer NOT NULL,
    user_id bigint NOT NULL
);


ALTER TABLE public.guardian_userobjectpermission OWNER TO admin;

--
-- Name: guardian_userobjectpermission_id_seq; Type: SEQUENCE; Schema: public; Owner: admin
--

ALTER TABLE public.guardian_userobjectpermission ALTER COLUMN id ADD GENERATED BY DEFAULT AS IDENTITY (
    SEQUENCE NAME public.guardian_userobjectpermission_id_seq
    START WITH 1
    INCREMENT BY 1
    NO MINVALUE
    NO MAXVALUE
    CACHE 1
);


--
-- Name: token_blacklist_blacklistedtoken; Type: TABLE; Schema: public; Owner: admin
--

CREATE TABLE public.token_blacklist_blacklistedtoken (
    id bigint NOT NULL,
    blacklisted_at timestamp with time zone NOT NULL,
    token_id bigint NOT NULL
);


ALTER TABLE public.token_blacklist_blacklistedtoken OWNER TO admin;

--
-- Name: token_blacklist_blacklistedtoken_id_seq; Type: SEQUENCE; Schema: public; Owner: admin
--

ALTER TABLE public.token_blacklist_blacklistedtoken ALTER COLUMN id ADD GENERATED BY DEFAULT AS IDENTITY (
    SEQUENCE NAME public.token_blacklist_blacklistedtoken_id_seq
    START WITH 1
    INCREMENT BY 1
    NO MINVALUE
    NO MAXVALUE
    CACHE 1
);


--
-- Name: token_blacklist_outstandingtoken; Type: TABLE; Schema: public; Owner: admin
--

CREATE TABLE public.token_blacklist_outstandingtoken (
    id bigint NOT NULL,
    token text NOT NULL,
    created_at timestamp with time zone,
    expires_at timestamp with time zone NOT NULL,
    user_id bigint,
    jti character varying(255) NOT NULL
);


ALTER TABLE public.token_blacklist_outstandingtoken OWNER TO admin;

--
-- Name: token_blacklist_outstandingtoken_id_seq; Type: SEQUENCE; Schema: public; Owner: admin
--

ALTER TABLE public.token_blacklist_outstandingtoken ALTER COLUMN id ADD GENERATED BY DEFAULT AS IDENTITY (
    SEQUENCE NAME public.token_blacklist_outstandingtoken_id_seq
    START WITH 1
    INCREMENT BY 1
    NO MINVALUE
    NO MAXVALUE
    CACHE 1
);


--
-- Data for Name: auth_group; Type: TABLE DATA; Schema: public; Owner: admin
--

COPY public.auth_group (id, name) FROM stdin;
1	Admin
2	Teacher
3	Student
\.


--
-- Data for Name: auth_group_permissions; Type: TABLE DATA; Schema: public; Owner: admin
--

COPY public.auth_group_permissions (id, group_id, permission_id) FROM stdin;
1	1	1
2	1	2
3	1	3
4	1	4
5	1	5
6	1	6
7	1	7
8	1	8
9	1	9
10	1	10
11	1	11
12	1	12
13	1	13
14	1	14
15	1	15
16	1	16
17	1	17
18	1	18
19	1	19
20	1	20
21	1	21
22	1	22
23	1	23
24	1	24
25	1	25
26	1	26
27	1	27
28	1	28
29	1	29
30	1	30
31	1	31
32	1	32
33	1	33
34	1	34
35	1	35
36	1	36
37	1	37
38	1	38
39	1	39
40	1	40
41	1	41
42	1	42
43	1	43
44	1	44
45	1	45
46	1	46
47	1	47
48	1	48
49	1	49
50	1	50
51	1	51
52	1	52
53	1	53
54	1	54
55	1	55
56	1	56
57	1	57
58	1	58
59	1	59
60	1	60
61	1	61
62	1	62
63	1	63
64	1	64
65	1	65
66	1	66
67	1	67
68	1	68
69	1	69
70	1	70
71	1	71
72	1	72
73	1	73
74	1	74
75	1	75
76	1	76
77	1	77
78	1	78
79	1	79
80	1	80
81	1	81
82	1	82
83	1	83
84	1	84
85	2	32
86	2	4
87	2	5
88	2	40
89	2	44
90	2	45
91	2	48
92	2	52
93	2	21
94	2	24
95	2	25
96	2	56
97	2	28
98	2	29
99	3	32
100	3	33
101	3	36
102	3	37
103	3	4
104	3	40
105	3	41
106	3	44
107	3	48
108	3	53
109	3	24
110	3	56
111	3	28
\.


--
-- Data for Name: auth_permission; Type: TABLE DATA; Schema: public; Owner: admin
--

COPY public.auth_permission (id, name, content_type_id, codename) FROM stdin;
1	Can add user	1	add_user
2	Can change user	1	change_user
3	Can delete user	1	delete_user
4	Can view user	1	view_user
5	Can add chat	2	add_chat
6	Can change chat	2	change_chat
7	Can delete chat	2	delete_chat
8	Can view chat	2	view_chat
9	Can add chat message	3	add_chatmessage
10	Can change chat message	3	change_chatmessage
11	Can delete chat message	3	delete_chatmessage
12	Can view chat message	3	view_chatmessage
13	Can add chat message attachments	4	add_chatmessageattachments
14	Can change chat message attachments	4	change_chatmessageattachments
15	Can delete chat message attachments	4	delete_chatmessageattachments
16	Can view chat message attachments	4	view_chatmessageattachments
17	Can add chat participant	5	add_chatparticipant
18	Can change chat participant	5	change_chatparticipant
19	Can delete chat participant	5	delete_chatparticipant
20	Can view chat participant	5	view_chatparticipant
21	Can add course	6	add_course
22	Can change course	6	change_course
23	Can delete course	6	delete_course
24	Can view course	6	view_course
25	Can add course module	7	add_coursemodule
26	Can change course module	7	change_coursemodule
27	Can delete course module	7	delete_coursemodule
28	Can view course module	7	view_coursemodule
29	Can add course assignment	8	add_courseassignment
30	Can change course assignment	8	change_courseassignment
31	Can delete course assignment	8	delete_courseassignment
32	Can view course assignment	8	view_courseassignment
33	Can add assignment submission	9	add_assignmentsubmission
34	Can change assignment submission	9	change_assignmentsubmission
35	Can delete assignment submission	9	delete_assignmentsubmission
36	Can view assignment submission	9	view_assignmentsubmission
37	Can add course review	10	add_coursereview
38	Can change course review	10	change_coursereview
39	Can delete course review	10	delete_coursereview
40	Can view course review	10	view_coursereview
41	Can add enrollment	11	add_enrollment
42	Can change enrollment	11	change_enrollment
43	Can delete enrollment	11	delete_enrollment
44	Can view enrollment	11	view_enrollment
45	Can add module lesson	12	add_modulelesson
46	Can change module lesson	12	change_modulelesson
47	Can delete module lesson	12	delete_modulelesson
48	Can view module lesson	12	view_modulelesson
49	Can add lesson progress	13	add_lessonprogress
50	Can change lesson progress	13	change_lessonprogress
51	Can delete lesson progress	13	delete_lessonprogress
52	Can view lesson progress	13	view_lessonprogress
53	Can add status update	14	add_statusupdate
54	Can change status update	14	change_statusupdate
55	Can delete status update	14	delete_statusupdate
56	Can view status update	14	view_statusupdate
57	Can add group object permission	15	add_groupobjectpermission
58	Can change group object permission	15	change_groupobjectpermission
59	Can delete group object permission	15	delete_groupobjectpermission
60	Can view group object permission	15	view_groupobjectpermission
61	Can add user object permission	16	add_userobjectpermission
62	Can change user object permission	16	change_userobjectpermission
63	Can delete user object permission	16	delete_userobjectpermission
64	Can view user object permission	16	view_userobjectpermission
65	Can add log entry	17	add_logentry
66	Can change log entry	17	change_logentry
67	Can delete log entry	17	delete_logentry
68	Can view log entry	17	view_logentry
69	Can add permission	18	add_permission
70	Can change permission	18	change_permission
71	Can delete permission	18	delete_permission
72	Can view permission	18	view_permission
73	Can add group	19	add_group
74	Can change group	19	change_group
75	Can delete group	19	delete_group
76	Can view group	19	view_group
77	Can add content type	20	add_contenttype
78	Can change content type	20	change_contenttype
79	Can delete content type	20	delete_contenttype
80	Can view content type	20	view_contenttype
81	Can add session	21	add_session
82	Can change session	21	change_session
83	Can delete session	21	delete_session
84	Can view session	21	view_session
85	Can add Token	22	add_token
86	Can change Token	22	change_token
87	Can delete Token	22	delete_token
88	Can view Token	22	view_token
89	Can add Token	23	add_tokenproxy
90	Can change Token	23	change_tokenproxy
91	Can delete Token	23	delete_tokenproxy
92	Can view Token	23	view_tokenproxy
93	Can add Password Reset Token	24	add_resetpasswordtoken
94	Can change Password Reset Token	24	change_resetpasswordtoken
95	Can delete Password Reset Token	24	delete_resetpasswordtoken
96	Can view Password Reset Token	24	view_resetpasswordtoken
97	Can add assignment	8	add_assignment
98	Can change assignment	8	change_assignment
99	Can delete assignment	8	delete_assignment
100	Can view assignment	8	view_assignment
101	Can add lesson	12	add_lesson
102	Can change lesson	12	change_lesson
103	Can delete lesson	12	delete_lesson
104	Can view lesson	12	view_lesson
105	Can add module	7	add_module
106	Can change module	7	change_module
107	Can delete module	7	delete_module
108	Can view module	7	view_module
109	Can add Blacklisted Token	25	add_blacklistedtoken
110	Can change Blacklisted Token	25	change_blacklistedtoken
111	Can delete Blacklisted Token	25	delete_blacklistedtoken
112	Can view Blacklisted Token	25	view_blacklistedtoken
113	Can add Outstanding Token	26	add_outstandingtoken
114	Can change Outstanding Token	26	change_outstandingtoken
115	Can delete Outstanding Token	26	delete_outstandingtoken
116	Can view Outstanding Token	26	view_outstandingtoken
117	Can add notification	27	add_notification
118	Can change notification	27	change_notification
119	Can delete notification	27	delete_notification
120	Can view notification	27	view_notification
121	Can add user blocks	28	add_userblocks
122	Can change user blocks	28	change_userblocks
123	Can delete user blocks	28	delete_userblocks
124	Can view user blocks	28	view_userblocks
125	Can add user block	28	add_userblock
126	Can change user block	28	change_userblock
127	Can delete user block	28	delete_userblock
128	Can view user block	28	view_userblock
\.


--
-- Data for Name: authtoken_token; Type: TABLE DATA; Schema: public; Owner: admin
--

COPY public.authtoken_token (key, created, user_id) FROM stdin;
\.


--
-- Data for Name: django_admin_log; Type: TABLE DATA; Schema: public; Owner: admin
--

COPY public.django_admin_log (id, action_time, object_id, object_repr, action_flag, change_message, content_type_id, user_id) FROM stdin;
5	2025-08-18 18:14:52.468716-05	9	Sample User (sample3@sample.com)	3		1	6
6	2025-08-18 18:14:52.468743-05	8	Sample User (sample2@sample.com)	3		1	6
7	2025-08-18 18:14:52.468752-05	7	Sample User (sample@sample.com)	3		1	6
8	2025-08-18 18:15:33.85123-05	10	Sample User (sample@sample.com)	3		1	6
9	2025-08-18 18:57:31.402598-05	17	Sample User (sample6@sample.com)	3		1	6
10	2025-08-18 18:57:31.402655-05	16	Sample User (sample5@sample.com)	3		1	6
11	2025-08-18 18:57:31.402683-05	15	Sample User (sample4@sample.com)	3		1	6
12	2025-08-18 18:57:31.402707-05	14	Sample User (sample3@sample.com)	3		1	6
13	2025-08-18 18:57:31.402731-05	13	Sample User (sample2@sample.com)	3		1	6
14	2025-08-18 18:57:31.402754-05	12	Sample User (sample1@sample.com)	3		1	6
15	2025-08-18 18:57:31.402777-05	11	Sample User (sample@sample.com)	3		1	6
16	2025-08-18 19:26:43.974485-05	21	picture user (picture@picture.com)	3		1	6
17	2025-08-18 19:26:43.974543-05	20	New User (user@user.com)	3		1	6
18	2025-08-18 19:26:43.974556-05	19	Sample User (sample1@sample.com)	3		1	6
19	2025-08-18 19:26:43.974566-05	18	Sample User (sample@sample.com)	3		1	6
20	2025-08-19 18:03:34.914355-05	1	Assignment object (1)	3		8	6
21	2025-08-19 19:48:20.939424-05	2	Test Course	2	[{"added": {"name": "enrollment", "object": "Enrollment object (1)"}}]	6	6
22	2025-08-19 19:55:09.791808-05	1	Enrollment object (1)	3		11	6
23	2025-08-19 19:55:17.578658-05	2	Test Course	2	[{"added": {"name": "enrollment", "object": "Enrollment object (2)"}}]	6	6
24	2025-08-19 19:56:30.873176-05	2	Enrollment object (2)	3		11	6
25	2025-08-19 19:58:08.729065-05	5	Enrollment object (5)	1	[{"added": {}}]	11	6
26	2025-08-19 19:59:11.17641-05	1	LessonProgress object (1)	2	[{"changed": {"fields": ["Completed"]}}]	13	6
27	2025-08-19 20:32:37.185612-05	2	Assignment object (2)	1	[{"added": {}}]	8	6
28	2025-08-19 20:41:27.48638-05	5	Student Test (test@student.com)	2	[{"changed": {"fields": ["Profile picture"]}}]	1	6
29	2025-08-19 20:45:03.582932-05	1	StatusUpdate object (1)	1	[{"added": {}}]	14	6
30	2025-08-19 20:50:57.351056-05	2	Assignment object (2)	2	[{"changed": {"fields": ["Deadline"]}}]	8	6
31	2025-08-19 21:37:27.339222-05	1	Chat object (1)	1	[{"added": {}}, {"added": {"name": "chat participant", "object": "ChatParticipant object (1)"}}, {"added": {"name": "chat participant", "object": "ChatParticipant object (2)"}}]	2	6
32	2025-08-19 21:41:56.597014-05	1	Chat object (1)	2	[{"added": {"name": "chat message", "object": "ChatMessage object (2)"}}]	2	6
33	2025-08-19 21:52:31.879537-05	2	Test Course	2	[{"added": {"name": "module", "object": "Module object (2)"}}]	6	6
34	2025-08-19 21:52:54.126719-05	2	Assignment object (2)	2	[{"changed": {"fields": ["Weight"]}}]	8	6
35	2025-08-19 21:53:17.771574-05	3	Assignment object (3)	1	[{"added": {}}]	8	6
36	2025-08-20 16:05:18.13721-05	5	AssignmentSubmission object (5)	1	[{"added": {}}]	9	6
37	2025-08-20 16:22:25.687649-05	1	CourseReview object (1)	1	[{"added": {}}]	10	6
38	2025-08-20 18:13:36.541136-05	1	Chat object (1)	3		2	6
39	2025-08-20 18:15:36.501067-05	2	Chat object (2)	3		2	6
40	2025-08-20 20:17:52.598707-05	2	Test Course	2	[{"changed": {"fields": ["Description"]}}]	6	6
41	2025-08-20 21:47:10.978941-05	5	Enrollment object (5)	2	[{"changed": {"fields": ["Status"]}}]	11	6
42	2025-08-20 21:49:58.401429-05	5	Enrollment object (5)	2	[{"changed": {"fields": ["Status"]}}]	11	6
43	2025-08-20 21:59:51.487529-05	5	Enrollment object (5)	2	[{"changed": {"fields": ["Status"]}}]	11	6
44	2025-08-21 15:21:27.257889-05	4	Teacher Test	2	[{"changed": {"fields": ["Bio"]}}]	1	6
45	2025-08-21 17:04:09.170416-05	2	Test Course	2	[{"changed": {"fields": ["Is published"]}}]	6	6
46	2025-08-21 17:05:00.90536-05	2	Test Course	2	[{"changed": {"fields": ["Start date", "End date"]}}]	6	6
47	2025-08-21 17:05:10.973691-05	2	Test Course	2	[{"changed": {"name": "module", "object": "Module object (1)", "fields": ["Title"]}}, {"changed": {"name": "module", "object": "Module object (2)", "fields": ["Title"]}}]	6	6
48	2025-08-21 17:45:56.552237-05	2	Module object (2)	2	[{"added": {"name": "lesson", "object": "Lesson object (8)"}}]	7	6
49	2025-08-21 17:57:12.909188-05	1	Notification object (1)	2	[{"changed": {"fields": ["Read"]}}]	27	6
50	2025-08-21 17:57:20.862532-05	1	Notification object (1)	2	[{"changed": {"fields": ["Read"]}}]	27	6
51	2025-08-22 15:27:14.352457-05	3	LessonProgress object (3)	3		13	6
52	2025-08-22 15:27:17.445639-05	2	LessonProgress object (2)	3		13	6
53	2025-08-22 15:38:35.05131-05	5	Enrollment object (5)	3		11	6
54	2025-08-22 15:38:42.747805-05	6	Enrollment object (6)	1	[{"added": {}}]	11	6
55	2025-08-22 16:14:03.294194-05	5	AssignmentSubmission object (5)	2	[{"changed": {"fields": ["Grade"]}}]	9	6
56	2025-08-22 16:15:36.536001-05	5	AssignmentSubmission object (5)	2	[{"changed": {"fields": ["Grade"]}}]	9	6
57	2025-08-22 16:20:16.031508-05	3	Notification object (3)	2	[{"changed": {"fields": ["Read"]}}]	27	6
58	2025-08-22 16:24:14.038089-05	3	Short Course	1	[{"added": {}}, {"added": {"name": "enrollment", "object": "Enrollment object (7)"}}]	6	6
59	2025-08-22 16:24:27.586633-05	7	Enrollment object (7)	2	[{"changed": {"fields": ["Status", "Completed on"]}}]	11	6
60	2025-08-22 16:24:40.524959-05	7	Enrollment object (7)	2	[{"changed": {"fields": ["Final grade"]}}]	11	6
61	2025-08-22 16:35:22.830528-05	9	Lesson object (9)	1	[{"added": {}}]	12	6
62	2025-08-22 16:35:34.241968-05	4	LessonProgress object (4)	1	[{"added": {}}]	13	6
63	2025-08-22 16:36:08.300589-05	3	Short Course	2	[{"added": {"name": "module", "object": "Module object (3)"}}]	6	6
64	2025-08-22 16:36:19.079819-05	9	Lesson object (9)	2	[{"changed": {"fields": ["Module"]}}]	12	6
65	2025-08-22 16:38:56.256894-05	2	CourseReview object (2)	3		10	6
66	2025-08-22 18:50:49.913047-05	11	Create Course	3		6	6
67	2025-08-22 18:50:49.913152-05	10	Create Course	3		6	6
68	2025-08-22 18:50:49.913178-05	9	Create Course	3		6	6
69	2025-08-22 18:50:49.913199-05	8	Create Course	3		6	6
70	2025-08-22 18:50:49.913219-05	7	Created Course	3		6	6
71	2025-08-22 18:50:49.913238-05	6	Course Created	3		6	6
72	2025-08-22 18:50:49.913257-05	5	Course Created	3		6	6
73	2025-08-22 18:50:49.913276-05	4	Course Created	3		6	6
74	2025-08-24 13:06:36.006033-05	16	Lesson object (16)	3		12	6
75	2025-08-24 13:06:36.006073-05	15	Lesson object (15)	3		12	6
76	2025-08-24 13:06:36.006085-05	14	Lesson object (14)	3		12	6
77	2025-08-24 13:06:44.598634-05	13	Another new course	3		6	6
78	2025-08-24 13:06:44.598701-05	12	A New Course!	3		6	6
79	2025-08-24 13:51:27.165169-05	22	new cousr	3		6	6
80	2025-08-24 13:51:27.165217-05	21	adfs	3		6	6
81	2025-08-24 13:51:27.165228-05	20	sg	3		6	6
82	2025-08-24 13:51:27.165236-05	19	sg	3		6	6
83	2025-08-24 13:51:27.165245-05	18	sg	3		6	6
84	2025-08-24 13:51:27.165252-05	17	a new course	3		6	6
85	2025-08-24 13:51:27.16526-05	16	a new course	3		6	6
86	2025-08-24 13:51:27.165268-05	15	a new course	3		6	6
87	2025-08-24 13:51:27.165276-05	14	a new course	3		6	6
88	2025-08-24 16:06:55.93266-05	10	Assignment object (10)	2	[]	8	6
89	2025-08-24 16:07:56.318135-05	10	Assignment object (10)	2	[{"changed": {"fields": ["Description"]}}]	8	6
90	2025-08-24 16:08:01.219118-05	8	Lesson object (8)	2	[{"changed": {"fields": ["Description"]}}]	12	6
91	2025-08-24 16:08:12.049169-05	2	Lesson object (2)	2	[{"changed": {"fields": ["Description"]}}]	12	6
92	2025-08-24 16:08:15.489586-05	1	Lesson object (1)	2	[{"changed": {"fields": ["Description"]}}]	12	6
93	2025-08-24 17:36:09.238122-05	6	Enrollment object (6)	2	[{"changed": {"fields": ["Status"]}}]	11	6
94	2025-08-24 18:02:44.50378-05	6	Enrollment object (6)	2	[{"changed": {"fields": ["Status"]}}]	11	6
95	2025-08-24 18:02:51.817138-05	7	Enrollment object (7)	2	[{"changed": {"fields": ["Status"]}}]	11	6
96	2025-08-24 18:04:58.466221-05	6	Enrollment object (6)	2	[{"changed": {"fields": ["Status"]}}]	11	6
97	2025-08-24 18:05:13.279202-05	6	Enrollment object (6)	2	[{"changed": {"fields": ["Status"]}}]	11	6
98	2025-08-24 18:05:21.672756-05	6	Enrollment object (6)	2	[{"changed": {"fields": ["Status"]}}]	11	6
99	2025-08-24 19:43:07.206885-05	22	Teacher User	1	[{"added": {}}]	1	6
100	2025-08-24 19:44:03.078371-05	23	Sample Course	1	[{"added": {}}]	6	6
101	2025-08-24 19:45:07.670406-05	23	Sample Course	2	[{"changed": {"fields": ["Is published"]}}]	6	6
102	2025-08-25 17:38:08.36172-05	7	Enrollment object (7)	2	[{"changed": {"fields": ["Status"]}}]	11	6
103	2025-08-25 17:38:12.072552-05	6	Enrollment object (6)	2	[{"changed": {"fields": ["Status"]}}]	11	6
104	2025-08-25 18:25:25.059174-05	23	New User	3		1	6
105	2025-08-25 18:25:25.05921-05	22	Teacher User	3		1	6
106	2025-08-25 18:26:19.25062-05	23	New User	3		1	6
107	2025-08-25 18:26:19.250648-05	22	Teacher User	3		1	6
108	2025-08-26 15:48:04.585553-05	4	Mary Jones	2	[{"changed": {"fields": ["Email", "First name", "Last name"]}}, {"changed": {"name": "course", "object": "Advanced Web Development", "fields": ["Title", "Description", "End date"]}}, {"deleted": {"name": "course", "object": "Short Course"}}]	1	6
109	2025-08-26 15:48:56.669664-05	5	Lucy Smith	2	[{"changed": {"fields": ["Email", "First name", "Last name", "Profile picture"]}}, {"changed": {"name": "enrollment", "object": "Enrollment object (6)", "fields": ["Final grade"]}}, {"deleted": {"name": "assignment submission", "object": "AssignmentSubmission object (None)"}}, {"deleted": {"name": "assignment submission", "object": "AssignmentSubmission object (None)"}}, {"deleted": {"name": "assignment submission", "object": "AssignmentSubmission object (None)"}}, {"deleted": {"name": "status update", "object": "StatusUpdate object (None)"}}, {"deleted": {"name": "course review", "object": "CourseReview object (None)"}}]	1	6
110	2025-08-26 15:49:10.389745-05	5	Lucy Smith	2	[{"changed": {"fields": ["Email"]}}]	1	6
111	2025-08-26 15:49:18.513323-05	4	Mary Jones	2	[{"changed": {"fields": ["Email"]}}]	1	6
112	2025-08-26 15:57:57.9021-05	4	Elena Torres	2	[{"changed": {"fields": ["Email", "First name", "Last name", "Bio"]}}, {"added": {"name": "course", "object": "Advanced Web Development"}}, {"changed": {"name": "course", "object": "Introduction to Web Development", "fields": ["Title", "Description"]}}, {"deleted": {"name": "chat", "object": "Chat object (None)"}}]	1	6
113	2025-08-26 15:58:36.884473-05	5	Lucy Smith	2	[{"changed": {"fields": ["Bio"]}}]	1	6
114	2025-08-26 15:59:07.338246-05	24	James O'Connor	1	[{"added": {}}]	1	6
115	2025-08-26 15:59:24.795469-05	25	Amira Hassan	1	[{"added": {}}]	1	6
116	2025-08-26 15:59:53.16179-05	26	Marcus Lee	1	[{"added": {}}]	1	6
117	2025-08-26 16:00:49.717971-05	26	Marcus Lee	3		1	6
118	2025-08-26 16:00:49.717996-05	25	Amira Hassan	3		1	6
119	2025-08-26 16:00:49.718004-05	24	James O'Connor	3		1	6
120	2025-08-26 18:11:34.189197-05	13	AssignmentSubmission object (13)	3		9	6
121	2025-08-26 18:12:11.991411-05	6	Enrollment object (6)	2	[{"changed": {"fields": ["Status", "Final grade"]}}]	11	6
122	2025-08-26 18:21:26.277966-05	46	Notification object (46)	3		27	6
123	2025-08-26 18:21:30.944395-05	45	Notification object (45)	3		27	6
124	2025-08-26 19:08:33.932228-05	6	Chat object (6)	3		2	6
125	2025-08-26 19:08:39.592307-05	5	Chat object (5)	3		2	6
126	2025-08-26 19:37:36.115807-05	13	here's a picture	3		3	6
127	2025-08-26 19:37:45.854558-05	12	hello	3		3	6
128	2025-08-26 19:37:45.854601-05	11	Hi!	3		3	6
129	2025-08-26 19:37:45.854608-05	10	Hi Lucy! Of course, I'll publish more courses as soon as I can	3		3	6
\.


--
-- Data for Name: django_content_type; Type: TABLE DATA; Schema: public; Owner: admin
--

COPY public.django_content_type (id, app_label, model) FROM stdin;
1	elearning_app	user
2	elearning_app	chat
3	elearning_app	chatmessage
4	elearning_app	chatmessageattachments
5	elearning_app	chatparticipant
6	elearning_app	course
9	elearning_app	assignmentsubmission
10	elearning_app	coursereview
11	elearning_app	enrollment
13	elearning_app	lessonprogress
14	elearning_app	statusupdate
15	guardian	groupobjectpermission
16	guardian	userobjectpermission
17	admin	logentry
18	auth	permission
19	auth	group
20	contenttypes	contenttype
21	sessions	session
22	authtoken	token
23	authtoken	tokenproxy
24	django_rest_passwordreset	resetpasswordtoken
8	elearning_app	assignment
12	elearning_app	lesson
7	elearning_app	module
25	token_blacklist	blacklistedtoken
26	token_blacklist	outstandingtoken
27	elearning_app	notification
28	elearning_app	userblock
\.


--
-- Data for Name: django_migrations; Type: TABLE DATA; Schema: public; Owner: admin
--

COPY public.django_migrations (id, app, name, applied) FROM stdin;
1	contenttypes	0001_initial	2025-08-08 20:18:17.894289-05
2	contenttypes	0002_remove_content_type_name	2025-08-08 20:18:17.896942-05
3	auth	0001_initial	2025-08-08 20:18:17.910412-05
4	auth	0002_alter_permission_name_max_length	2025-08-08 20:18:17.912269-05
5	auth	0003_alter_user_email_max_length	2025-08-08 20:18:17.913939-05
6	auth	0004_alter_user_username_opts	2025-08-08 20:18:17.915769-05
7	auth	0005_alter_user_last_login_null	2025-08-08 20:18:17.917857-05
8	auth	0006_require_contenttypes_0002	2025-08-08 20:18:17.918654-05
9	auth	0007_alter_validators_add_error_messages	2025-08-08 20:18:17.920678-05
10	auth	0008_alter_user_username_max_length	2025-08-08 20:18:17.923102-05
11	auth	0009_alter_user_last_name_max_length	2025-08-08 20:18:17.92494-05
12	auth	0010_alter_group_name_max_length	2025-08-08 20:18:17.9269-05
13	auth	0011_update_proxy_permissions	2025-08-08 20:18:17.928442-05
14	auth	0012_alter_user_first_name_max_length	2025-08-08 20:18:17.930369-05
15	elearning_app	0001_initial	2025-08-08 20:18:18.046173-05
16	admin	0001_initial	2025-08-08 20:18:18.056719-05
17	admin	0002_logentry_remove_auto_add	2025-08-08 20:18:18.061055-05
18	admin	0003_logentry_add_action_flag_choices	2025-08-08 20:18:18.06588-05
19	guardian	0001_initial	2025-08-08 20:18:18.096785-05
20	guardian	0002_generic_permissions_index	2025-08-08 20:18:18.105318-05
21	sessions	0001_initial	2025-08-08 20:18:18.10921-05
22	authtoken	0001_initial	2025-08-11 16:42:18.591319-05
23	authtoken	0002_auto_20160226_1747	2025-08-11 16:42:18.611003-05
24	authtoken	0003_tokenproxy	2025-08-11 16:42:18.612251-05
25	authtoken	0004_alter_tokenproxy_options	2025-08-11 16:42:18.614195-05
26	django_rest_passwordreset	0001_initial	2025-08-11 16:44:03.896438-05
27	django_rest_passwordreset	0002_pk_migration	2025-08-11 16:44:03.926851-05
28	django_rest_passwordreset	0003_allow_blank_and_null_fields	2025-08-11 16:44:03.938577-05
29	django_rest_passwordreset	0004_alter_resetpasswordtoken_user_agent	2025-08-11 16:44:03.943785-05
30	elearning_app	0002_rename_courseassignment_assignment_and_more	2025-08-12 18:41:49.667528-05
31	elearning_app	0003_alter_assignmentsubmission_grade	2025-08-12 20:37:12.576677-05
32	token_blacklist	0001_initial	2025-08-18 19:01:59.564084-05
33	token_blacklist	0002_outstandingtoken_jti_hex	2025-08-18 19:01:59.571044-05
34	token_blacklist	0003_auto_20171017_2007	2025-08-18 19:01:59.578045-05
35	token_blacklist	0004_auto_20171017_2013	2025-08-18 19:01:59.586033-05
36	token_blacklist	0005_remove_outstandingtoken_jti	2025-08-18 19:01:59.592959-05
37	token_blacklist	0006_auto_20171017_2113	2025-08-18 19:01:59.600048-05
38	token_blacklist	0007_auto_20171017_2214	2025-08-18 19:01:59.622794-05
39	token_blacklist	0008_migrate_to_bigautofield	2025-08-18 19:01:59.63988-05
40	token_blacklist	0010_fix_migrate_to_bigautofield	2025-08-18 19:01:59.648528-05
41	token_blacklist	0011_linearizes_history	2025-08-18 19:01:59.649612-05
42	token_blacklist	0012_alter_outstandingtoken_user	2025-08-18 19:01:59.655362-05
43	token_blacklist	0013_alter_blacklistedtoken_options_and_more	2025-08-18 19:01:59.662086-05
44	elearning_app	0004_statusupdate_course_statusupdate_course_progress	2025-08-19 17:16:40.550415-05
45	elearning_app	0005_chat_is_active	2025-08-19 18:03:21.558331-05
46	elearning_app	0006_remove_chatparticipant_chat_muted_and_more	2025-08-19 18:43:34.930024-05
47	elearning_app	0007_user_bio	2025-08-21 15:18:22.235576-05
48	elearning_app	0008_remove_course_estimated_duration_course_end_date_and_more	2025-08-21 16:54:23.074435-05
49	elearning_app	0009_assignmentsubmission_feedback	2025-08-22 17:01:14.478381-05
50	elearning_app	0010_remove_lesson_lesson_order	2025-08-24 12:58:43.030322-05
51	elearning_app	0011_alter_assignment_description	2025-08-24 15:55:32.288349-05
52	elearning_app	0012_alter_enrollment_status	2025-08-24 17:30:23.251991-05
53	elearning_app	0013_userblocks	2025-08-24 19:17:51.227224-05
54	elearning_app	0014_alter_course_taught_by_alter_userblocks_blocked_by_and_more	2025-08-25 18:26:05.654571-05
55	elearning_app	0015_rename_userblocks_userblock	2025-08-26 15:53:10.087913-05
56	elearning_app	0016_enrollment_removed_on	2025-08-26 18:19:01.792283-05
\.


--
-- Data for Name: django_rest_passwordreset_resetpasswordtoken; Type: TABLE DATA; Schema: public; Owner: admin
--

COPY public.django_rest_passwordreset_resetpasswordtoken (created_at, key, ip_address, user_agent, user_id, id) FROM stdin;
\.


--
-- Data for Name: django_session; Type: TABLE DATA; Schema: public; Owner: admin
--

COPY public.django_session (session_key, session_data, expire_date) FROM stdin;
8yewindxaey32ygm0yy0zl01q82036fj	.eJxVjDsOwjAQBe_iGlkbO1nblPQ5Q7Rrr3EAOVI-FeLuJFIKaGfmvbcaaFvLsC0yD2NSV4Xq8suY4lPqIdKD6n3ScarrPLI-En3aRfdTktftbP8OCi1lX3vLzG3DYNEyOm7FkPW0Q8g5dcaCjwE4EXYhNAapcRHFCaSM4EDU5wvxFTgf:1uotvu:v01OcNZPxzgIJBOTJOXyxJd4pkgYDQf3BTtlrX2nT88	2025-09-03 20:17:38.753995-05
o189rt4rjka43luwu3ov71vla2m5jbc3	e30:1uo933:PGvNr18GTwSGpwQtInq1UGQdwNlbanTK9NA9WIoLf6s	2025-09-01 18:13:53.746659-05
x9uehnn4kv9z73q8isg53h3zhho85u5f	.eJxVjDsOwjAQBe_iGlkbO1nblPQ5Q7Rrr3EAOVI-FeLuJFIKaGfmvbcaaFvLsC0yD2NSV4Xq8suY4lPqIdKD6n3ScarrPLI-En3aRfdTktftbP8OCi1lX3vLzG3DYNEyOm7FkPW0Q8g5dcaCjwE4EXYhNAapcRHFCaSM4EDU5wvxFTgf:1upBeq:XB1ZW882hvU0zE4hho5a3zXPyeuazwWB53CsFW6BUhM	2025-09-04 15:13:12.584536-05
n4sggnt0tozda0mkuge4siudhk838upp	e30:1uo9nx:_WI51bnz6QNEGuHfSnZoKOFMSdfPshSXoDXPI9VuZi0	2025-09-01 19:02:21.84457-05
4n8tiygs28s2dt6ktxdcedjxfhab7cte	.eJxVjDsOwjAQBe_iGlkbO1nblPQ5Q7Rrr3EAOVI-FeLuJFIKaGfmvbcaaFvLsC0yD2NSV4Xq8suY4lPqIdKD6n3ScarrPLI-En3aRfdTktftbP8OCi1lX3vLzG3DYNEyOm7FkPW0Q8g5dcaCjwE4EXYhNAapcRHFCaSM4EDU5wvxFTgf:1uqfp7:Hx-EFd1SbVUI43h52ThYlucGzQ3rK6nBguBeURhIAeA	2025-09-08 17:37:57.227742-05
9oqijf3jqymqlcgt8irliva2p3kh6v0s	.eJxVjDsOwjAQBe_iGlkbO1nblPQ5Q7Rrr3EAOVI-FeLuJFIKaGfmvbcaaFvLsC0yD2NSV4Xq8suY4lPqIdKD6n3ScarrPLI-En3aRfdTktftbP8OCi1lX3vLzG3DYNEyOm7FkPW0Q8g5dcaCjwE4EXYhNAapcRHFCaSM4EDU5wvxFTgf:1uoXgd:Wn6-O3RoVP83_qDcvF8XlAE_DaVAfDlkJB5Ys7oAb8k	2025-09-02 20:32:23.65225-05
1m6w8ru1kcethk7r8uiuttrdrycuvfis	.eJxVjEEOwiAQRe_C2hDAdgZcuu8ZyDBDpWpoUtqV8e7apAvd_vfef6lI21ri1vISJ1EX1avT75aIH7nuQO5Ub7Pmua7LlPSu6IM2PcySn9fD_Tso1Mq3JhMCkkcrkjuAYHxvGJmBzzZ1NgBnA0AsgobQ0zgiGWdDJpdcAFTvD99XN9w:1ur41h:vxd7KeSE_Zj4QwLzo76GH3N2xIWx6BYlcLgNNVw473k	2025-09-09 19:28:33.713808-05
gcu6asjavzuouo25vl6y60aqr9ev9kyg	.eJxVjDsOwjAQBe_iGlkbO1nblPQ5Q7Rrr3EAOVI-FeLuJFIKaGfmvbcaaFvLsC0yD2NSV4Xq8suY4lPqIdKD6n3ScarrPLI-En3aRfdTktftbP8OCi1lX3vLzG3DYNEyOm7FkPW0Q8g5dcaCjwE4EXYhNAapcRHFCaSM4EDU5wvxFTgf:1uqLGP:1P2lTgQZAg4yOFB0uYYrfbWMNw_rW9yeUh_yYgV9IRE	2025-09-07 19:40:45.394377-05
n73md6bqsqa0kn60t135cjwwrn8xq6w0	.eJxVjEEOgjAQRe_StWk6lU4Hl-45QzNlpoIaSCisjHdXEha6_e-9_zKJt3VIW9UljWIupjGn3y1z_9BpB3Ln6Tbbfp7WZcx2V-xBq-1m0ef1cP8OBq7Dt3bQAmsDQqXEyLG4cySUlhxiEA_Bo8sqhMEHcIDIRICFRXumJnvz_gDBizcb:1ur4BJ:TVuw1iIjop1rzdIN0ISbwDA7VkIg5DthkGqXomB8UIM	2025-09-09 19:38:29.594594-05
\.


--
-- Data for Name: elearning_app_assignment; Type: TABLE DATA; Schema: public; Owner: admin
--

COPY public.elearning_app_assignment (id, title, description, deadline, weight, created_at, last_edited_at, module_id) FROM stdin;
11	Practice Problems: Variables and Equations	Solve a set of beginner-level algebra exercises	2025-11-14 19:00:00-05	30	2025-08-26 16:07:27.302301-05	2025-08-26 16:07:35.738076-05	17
12	Worksheet: Solving Linear Equations	Complete a worksheet of progressively challenging problems.	2025-12-19 19:00:00-05	15	2025-08-26 16:10:45.807554-05	2025-08-26 16:11:45.251185-05	18
13	Project: Graph Your Daily Sleep	Represent the time you spent sleeping each day as a linear graph	2025-12-19 19:00:00-05	20	2025-08-26 16:11:39.449914-05	2025-08-26 16:11:48.363881-05	18
14	Problem Set: Polynomial Operations	Practice simplifying and multiplying polynomials	2026-03-29 19:00:00-05	35	2025-08-26 16:13:38.584354-05	2025-08-26 16:13:48.93497-05	19
15	Build a Simple Webpage	Create a personal homepage with headings, paragraphs and links	\N	30	2025-08-26 16:49:31.474755-05	2025-08-26 16:49:31.474776-05	1
16	Style you Webpage with CSS	Add colors, fonts, and layouts to your personal homepage	\N	30	2025-08-26 16:51:19.102522-05	2025-08-26 16:51:19.102531-05	2
17	Add Interactivity to your Webpage	Enhance your site with a button that changes text or color	\N	35	2025-08-26 16:52:59.22017-05	2025-08-26 16:52:59.220218-05	13
18	Midterm Coursework	During the course so far, we have developed several database backed web servers using\nDjango. For this assignment you are tasked with developing a RESTful web service using\nthe knowledge you have gained so far. The server should use Django Models\nto appropriately design and model the input data and provide usable migrations for\nthe underlying database. As per the examples in the lessons you will be working with a\nsmall dataset of a domain of your choice: it can be a dataset of medical, biological,\nfinancial, demographical etc data. You should justify the use of this dataset in your report.\nYour dataset can have several .csv files. The only requirement for this dataset is to have a\nmaximum of 10,000 entries overall to load and process in short time. Please note this\nrefers to the .csv files  check the entries when downloading a db. You could search for\nsome datasets using these resources:\nhttps://datasetsearch.research.google.com/\nhttps://github.com/awesomedata/awesome-public-datasets	2026-04-29 19:00:00-05	50	2025-08-26 17:17:16.641237-05	2025-08-26 17:21:24.25814-05	20
19	Final Coursework	During the course so far, we have developed several applications using Django. This has\ncovered single page applications, database schemas, appropriate model design, forms and\ntemplates, RESTful webservices, Celery, Django Channels, Web Sockets, Authentication\nand many other topics.\nFor this assignment you are tasked with developing an eLearning application using all\nknowledge you have gained on the course so far.\nThis assignment is worth 50% of the total mark for this module.	2026-06-24 19:00:00-05	50	2025-08-26 17:21:00.647584-05	2025-08-26 17:21:40.623694-05	21
\.


--
-- Data for Name: elearning_app_assignmentsubmission; Type: TABLE DATA; Schema: public; Owner: admin
--

COPY public.elearning_app_assignmentsubmission (id, submitted_on, file_submission, grade, student_id, assignment_id, feedback) FROM stdin;
11	2025-08-26 18:02:12.79094-05	simple_webpage.zip	100	5	15	Good use of html tags
12	2025-08-26 18:02:32.511874-05	styled_webpage.zip	95	5	16	Great work!
14	2025-08-26 19:29:17.788529-05	interactive_webpage_JIdJxE0.zip	100	5	17	Good job!
\.


--
-- Data for Name: elearning_app_chat; Type: TABLE DATA; Schema: public; Owner: admin
--

COPY public.elearning_app_chat (id, title, picture, created_at, last_edited_at, created_by_id, is_active) FROM stdin;
4	James O'Connor, Lucy Smith		2025-08-26 17:48:05.639523-05	2025-08-26 17:48:05.639529-05	5	t
7	Elena Torres, Lucy Smith		2025-08-26 19:36:26.236343-05	2025-08-26 19:36:26.236357-05	5	t
\.


--
-- Data for Name: elearning_app_chatmessage; Type: TABLE DATA; Schema: public; Owner: admin
--

COPY public.elearning_app_chatmessage (id, sent_at, text, chat_id, sender_id) FROM stdin;
8	2025-08-26 17:48:39.925589-05	Hello! I just enrolled in your course. I was wondering if you had any more courses planned on more advanced topics after this one?	4	5
14	2025-08-26 19:39:05.375316-05	Hey I loved your course!	7	5
15	2025-08-26 19:39:29.412809-05	hello lucy, glad to hear that	7	4
16	2025-08-26 19:39:33.917542-05	eqryeqrt	7	5
17	2025-08-26 19:39:35.261585-05	erwtq	7	4
18	2025-08-26 19:39:37.302572-05	wrt	7	5
\.


--
-- Data for Name: elearning_app_chatmessageattachments; Type: TABLE DATA; Schema: public; Owner: admin
--

COPY public.elearning_app_chatmessageattachments (id, attachment, chat_message_id) FROM stdin;
\.


--
-- Data for Name: elearning_app_chatparticipant; Type: TABLE DATA; Schema: public; Owner: admin
--

COPY public.elearning_app_chatparticipant (id, chat_id, user_id) FROM stdin;
7	4	27
8	4	5
13	7	4
14	7	5
\.


--
-- Data for Name: elearning_app_course; Type: TABLE DATA; Schema: public; Owner: admin
--

COPY public.elearning_app_course (id, title, description, cover_image, created_at, last_edited_at, taught_by_id, end_date, is_published, start_date) FROM stdin;
2	Introduction to Web Development	A beginner-friendly course covering the basics of HTML, CSS, and JavaScript to build your first interactive websites.		2025-08-11 18:20:03.434585-05	2025-08-26 15:57:57.888349-05	4	2026-02-28	t	2025-08-01
24	Advanced Web Development	\N		2025-08-26 15:57:57.890062-05	2025-08-26 15:57:57.890078-05	4	2026-06-30	f	2026-03-01
25	Algebra Foundations	Learn the core concepts of algebra, from variables and expressions to solving equations and graphing functions.		2025-08-26 16:03:35.384886-05	2025-08-26 16:31:53.73506-05	27	2026-03-31	t	2025-09-01
\.


--
-- Data for Name: elearning_app_coursereview; Type: TABLE DATA; Schema: public; Owner: admin
--

COPY public.elearning_app_coursereview (id, rating, review, created_at, course_id, student_id) FROM stdin;
4	5	Really enjoyed this course!	2025-08-26 19:32:57.134077-05	2	5
\.


--
-- Data for Name: elearning_app_enrollment; Type: TABLE DATA; Schema: public; Owner: admin
--

COPY public.elearning_app_enrollment (id, status, activated_on, completed_on, canceled_on, final_grade, course_id, student_id, removed_on) FROM stdin;
9	Active	2025-08-26 17:46:28.010355-05	\N	\N	\N	2	28	\N
10	Active	2025-08-26 17:47:27.084727-05	\N	\N	\N	25	29	\N
11	Active	2025-08-26 17:48:04.16174-05	\N	\N	\N	25	5	\N
6	Completed	2025-08-22 15:38:42.744593-05	2025-08-26 19:30:05.902155-05	\N	93.5	2	5	\N
\.


--
-- Data for Name: elearning_app_lesson; Type: TABLE DATA; Schema: public; Owner: admin
--

COPY public.elearning_app_lesson (id, title, description, lesson_file, created_at, last_edited_at, module_id) FROM stdin;
33	Topic 1: The Web Stack	Write a basic Django application that displays a simple message in a web browser\r\nInstall and configure Django\r\nExplain the main components of a full stack webserver	Topic_1_Files.zip	2025-08-26 17:08:23.300275-05	2025-08-26 17:14:37.324856-05	20
35	Topic 2: Database schemas and ORMs	Create and alter databases using migrations\r\nDescribe how the Django ORM maps function calls to SQL queries\r\nCreate simple relational databases to model a variety of data	Topic_2_Files.zip	2025-08-26 17:14:59.815506-05	2025-08-26 17:14:59.815514-05	20
36	Topic 3: Interaction through serving HTML, CSS and JavaScript	Lay out simple webpages\r\nUse Django forms and validators to accept user input\r\nUse a templating language to generate dynamic web pages	Topic_3_Files.pdf	2025-08-26 17:15:57.969778-05	2025-08-26 17:15:57.969802-05	20
37	Topic 4: Build a CRUD and RESTful API	Build a REST API from a specification document\r\nBuild a single page application\r\nUse JavaScript to use a server side API\r\nDescribe AJAX	Topic_4_Files.zip	2025-08-26 17:16:41.632475-05	2025-08-26 17:16:41.632483-05	20
38	Topic 5: Asynchronous Web Services	Describe the web sockets standard\r\nImplement websockets using Django channels\r\nWrite code that interacts with a Websockets server\r\nUse a JavaScript framework to build a websockets frontend	Topic_5_Files.zip	2025-08-26 17:18:08.661502-05	2025-08-26 17:18:08.661509-05	21
39	Topic 6: Working with External APIs	Describe different types of API on the internet\r\nUse the command line and JavaScript to interact with different APIs\r\nDescribe OpenAPI and how it is used	Topic_6_Files.docx	2025-08-26 17:19:03.65188-05	2025-08-26 17:19:03.651895-05	21
40	Topic 7: Users and authentication	Describe a user authentication model for web applications\r\nImplement and use Django User Authentication\r\nDescribe a number of common security vulnerabilities in web apps and their solution	Topic_7_Files.zip	2025-08-26 17:19:48.979399-05	2025-08-26 17:19:48.979407-05	21
18	Understanding Variables	Learn what variables are and how they represent numbers		2025-08-26 16:06:06.856054-05	2025-08-26 16:06:06.856158-05	17
19	Expressions and Equations	Explore how to create and interpret mathematical statements.		2025-08-26 16:06:25.126978-05	2025-08-26 16:06:25.126994-05	17
20	Order of Operations	Discover the correct sequence for solving math problems		2025-08-26 16:06:41.107422-05	2025-08-26 16:06:41.107447-05	17
21	Solving One-Step Equations	Use addition, subtraction, multiplication and division to isolate variables		2025-08-26 16:08:05.697983-05	2025-08-26 16:08:05.698018-05	18
22	Two-Step Equations	Learn to handle equations with more than one operation		2025-08-26 16:08:25.9718-05	2025-08-26 16:08:25.971838-05	18
23	Graphing Linear Functions	Plot lines on a coordinate plane and interpret their slopes.		2025-08-26 16:09:46.779419-05	2025-08-26 16:09:46.779434-05	18
24	Introduction to Polynomials	Learn how polynomials are structured and named		2025-08-26 16:12:14.381949-05	2025-08-26 16:12:14.381984-05	19
25	Adding and Subtracting Polynomials	Combine like terms to simplify expressions		2025-08-26 16:12:34.562934-05	2025-08-26 16:12:34.562948-05	19
26	Multiplying Polynomials	Learn to use the distributive property and FOIL method.		2025-08-26 16:13:00.62468-05	2025-08-26 16:13:00.624695-05	19
2	How the Web Works	An introduction to browsers, servers and how websites are delivered to users		2025-08-12 19:49:52.823727-05	2025-08-26 16:47:45.38798-05	1
1	Setting Up Your Development Environment	Step-by-step guide to installing VS Code and configuring your tools		2025-08-12 19:47:53.653854-05	2025-08-26 16:48:13.079855-05	1
27	HTML Basics	Learn the core structure of a webpage using HTML tags		2025-08-26 16:48:27.664104-05	2025-08-26 16:48:27.664131-05	1
8	CSS Selectors	Learn how to target elements with classes, IDs and element selectors		2025-08-21 17:45:56.544044-05	2025-08-26 16:49:54.335335-05	2
28	Box Model and Layout	Understand margins, padding, and borders to control spacing		2025-08-26 16:50:36.976506-05	2025-08-26 16:50:36.976524-05	2
29	Flexbox basics	Introduction to building flexible, responsive layouts		2025-08-26 16:50:56.15532-05	2025-08-26 16:50:56.155337-05	2
30	JavaScript Syntax	Explore variables, functions, and operators		2025-08-26 16:52:01.281291-05	2025-08-26 16:52:01.2813-05	13
31	Working with Variables and Data Types	Learn how to handle numbers, strings, and arrays		2025-08-26 16:52:24.292817-05	2025-08-26 16:52:24.29283-05	13
32	Events and Interactivity	Make buttons clickable and respond to user actions		2025-08-26 16:52:39.529513-05	2025-08-26 16:52:39.529567-05	13
41	Topic 8: Deploying a Website	Configure a production webserver\r\nConfigure a Django web application for production deployment\r\nDescribe some common deployment automation tools		2025-08-26 17:20:39.000659-05	2025-08-26 17:20:45.331017-05	21
\.


--
-- Data for Name: elearning_app_lessonprogress; Type: TABLE DATA; Schema: public; Owner: admin
--

COPY public.elearning_app_lessonprogress (id, completed, student_id, lesson_id) FROM stdin;
1	t	5	1
5	t	5	2
6	t	5	8
7	t	5	27
8	t	5	28
9	t	5	29
10	t	5	30
11	t	5	31
12	t	5	32
\.


--
-- Data for Name: elearning_app_module; Type: TABLE DATA; Schema: public; Owner: admin
--

COPY public.elearning_app_module (id, title, description, created_at, last_edited_at, course_id) FROM stdin;
17	Introduction to Algebra	Start with the building blocks of algebra and how to work with symbols and operations.	2025-08-26 16:05:07.027108-05	2025-08-26 16:05:07.027126-05	25
18	Linear Equations	Dive into solving and graphing linear equations in one and two variables.	2025-08-26 16:05:26.682716-05	2025-08-26 16:05:26.682751-05	25
19	Polynomials	Expand your knowledge by working with polynomials and their operations.	2025-08-26 16:05:47.097866-05	2025-08-26 16:05:47.097885-05	25
1	Getting Started with the Web	Learn the fundamentals of how the web works and set up everything you need to start coding	2025-08-12 19:28:39.149871-05	2025-08-26 16:47:19.262715-05	2
2	Styling with CSS	Discover how to make websites visually appealing with CSS styling and layouts	2025-08-19 21:52:31.869105-05	2025-08-26 16:50:17.175463-05	2
13	Introduction to JavaScript	Add interactivity and dynamic behavior to your websites with Javascript	2025-08-23 11:38:45.880116-05	2025-08-26 16:52:04.83727-05	2
20	Simple API	Learn the basics of web development and build a simple Django application.	2025-08-26 17:05:30.021851-05	2025-08-26 17:05:30.021885-05	24
21	Interactive Website	Build a complete website, with various models, users and authentication.	2025-08-26 17:05:39.695691-05	2025-08-26 17:06:26.06947-05	24
\.


--
-- Data for Name: elearning_app_notification; Type: TABLE DATA; Schema: public; Owner: admin
--

COPY public.elearning_app_notification (id, content, created_at, read, related_course_id, user_id) FROM stdin;
38	Amira Hassan has enrolled in course Algebra Foundations	2025-08-26 17:47:27.086424-05	f	25	27
39	Lucy Smith has enrolled in course Algebra Foundations	2025-08-26 17:48:04.163838-05	f	25	27
3	Assignment submission for Test Assignment has been graded	2025-08-22 16:14:03.293262-05	t	2	5
1	New lesson "Lesson A" added to course Test Course	2025-08-21 17:45:56.550271-05	t	2	5
5	New lesson "One Lesson" added to course Test Course	2025-08-22 16:35:22.829202-05	t	2	5
7	Assignment submission for Test Assignment has been graded	2025-08-22 17:16:11.051072-05	t	2	5
9	New module "Module 3" added to course Test Course	2025-08-23 11:38:45.883344-05	t	2	5
10	New module "Module 4" added to course Test Course	2025-08-23 12:01:01.275797-05	t	2	5
43	Assignment submission for Build a Simple Webpage has been graded	2025-08-26 18:03:57.69223-05	f	2	5
44	Assignment submission for Style you Webpage with CSS has been graded	2025-08-26 18:04:07.606999-05	f	2	5
17	Assignment submission for Assignment 1 has been graded	2025-08-24 16:56:11.462666-05	t	2	5
20	Assignment submission for Assignment 2 has been graded	2025-08-24 18:31:47.545643-05	t	2	5
21	Assignment submission for Assignment 3 has been graded	2025-08-24 18:31:51.287146-05	t	2	5
22	Final grade for course Test Course has been updated	2025-08-24 18:32:06.430339-05	t	2	5
28	Final grade for course Test Course has been updated	2025-08-24 18:46:09.539202-05	t	2	5
29	Final grade for course Test Course has been updated	2025-08-24 18:46:13.411424-05	t	2	5
8	Assignment submission for Test Assignment has been graded	2025-08-22 17:20:52.832577-05	t	2	5
19	Student Test has submitted assignment Assignment 3	2025-08-24 18:31:12.049651-05	t	2	4
31	New lesson "HTML Basics" added to course Introduction to Web Development	2025-08-26 16:48:27.668552-05	t	2	5
32	New lesson "Box Model and Layout" added to course Introduction to Web Development	2025-08-26 16:50:36.982326-05	t	2	5
33	New lesson "Flexbox basics" added to course Introduction to Web Development	2025-08-26 16:50:56.160033-05	t	2	5
34	New lesson "JavaScript Syntax" added to course Introduction to Web Development	2025-08-26 16:52:01.283565-05	t	2	5
35	New lesson "Working with Variables and Data Types" added to course Introduction to Web Development	2025-08-26 16:52:24.295994-05	t	2	5
36	New lesson "Events and Interactivity" added to course Introduction to Web Development	2025-08-26 16:52:39.539033-05	t	2	5
48	Assignment submission for Add Interactivity to your Webpage has been graded	2025-08-26 19:30:05.889468-05	f	2	5
49	Final grade for course Introduction to Web Development has been updated	2025-08-26 19:30:05.918331-05	f	2	5
47	Lucy Smith has submitted assignment Add Interactivity to your Webpage	2025-08-26 19:29:17.793871-05	t	2	4
42	Lucy Smith has submitted assignment Add Interactivity to your Webpage	2025-08-26 18:02:49.027928-05	t	2	4
41	Lucy Smith has submitted assignment Style you Webpage with CSS	2025-08-26 18:02:32.513405-05	t	2	4
40	Lucy Smith has submitted assignment Build a Simple Webpage	2025-08-26 18:02:12.7952-05	t	2	4
37	Marcus Lee has enrolled in course Introduction to Web Development	2025-08-26 17:46:28.013099-05	t	2	4
18	Student Test has submitted assignment Assignment 2	2025-08-24 18:31:06.866764-05	t	2	4
16	Student Test has submitted assignment Assignment 1	2025-08-24 16:42:01.970023-05	t	2	4
2	Student Test has enrolled in course Test Course	2025-08-22 15:38:42.746325-05	t	2	4
\.


--
-- Data for Name: elearning_app_statusupdate; Type: TABLE DATA; Schema: public; Owner: admin
--

COPY public.elearning_app_statusupdate (id, text, created_at, student_id, course_id, course_progress) FROM stdin;
5	Just enrolled! Super excited to start this course, looks interesting.	2025-08-26 17:46:42.986096-05	28	2	0
6	Looking forward to this course, will serve as a refresher	2025-08-26 17:47:42.428862-05	29	25	0
8	Super excited for this course!	2025-08-26 19:36:05.062511-05	5	25	0
\.


--
-- Data for Name: elearning_app_user; Type: TABLE DATA; Schema: public; Owner: admin
--

COPY public.elearning_app_user (id, password, last_login, is_superuser, is_staff, is_active, date_joined, email, first_name, last_name, profile_picture, bio) FROM stdin;
27	pbkdf2_sha256$1000000$l6ycCBDrKsw5NLwAXe1L7H$OsYeZVOE7LNuEpyBGdsj+0PBTFQiix5ADx3WwZ/lpCI=	2025-08-26 19:09:01.766267-05	f	f	t	2025-08-26 16:02:58.666954-05	james@teacher.com	James	O'Connor	profile_27.jpg	College math teacher who loves turning complex equations into real-world problem solving.
5	pbkdf2_sha256$1000000$rHMFIzmGgHtZjvmxhb6I5a$ncPYWu9exH5WBEyd/e8f2Amazdrq0/y5pKLmXXo/57k=	2025-08-26 19:28:33.700926-05	f	f	t	2025-08-11 18:06:11.060104-05	lucy@student.com	Lucy	Smith		Aspiring software engineer who enjoys building small apps and exploring new frameworks.
6	pbkdf2_sha256$1000000$ZTTpJC0bXSPqIwyKNXCbqr$8JdYzCZxAXiTwu+AyM44PZsp/9TDueqjuUUWrjoheNE=	2025-08-26 19:37:25.714575-05	t	t	t	2025-08-11 18:24:47.574449-05	admin@admin.com	Admin	User		\N
4	pbkdf2_sha256$1000000$cMOG197YhVZ5huiuj8ojTm$reTGzuP8jDeD5zMUYEl6FB5quhJo8q+RBhOBSDS4XiY=	2025-08-26 19:38:29.588964-05	f	f	t	2025-08-11 18:04:15.921436-05	elena@teacher.com	Elena	Torres	profile_4_0pp4rGe.jpg	Professor of Computer Science specializing in web development and database systems. Passionate about making coding accessible for everyone.
28	pbkdf2_sha256$1000000$PsU3wBA1CtO43cmYL3Kx8z$0ZhXc5Ttp909VY8ndVFaiHC9H56yx0QVhZ+MHdxh2Uk=	2025-08-26 17:46:19.582959-05	f	f	t	2025-08-26 17:46:19.277114-05	marcus@student.com	Marcus	Lee		Undergraduate student in design. Interested in combining creativity with technology.
29	pbkdf2_sha256$1000000$2CH43HynOPIl4zMbB5IUyQ$dxxaPtXNt9KBYygqzqwROFIWsre8NW0+EMUsmgEgSUg=	2025-08-26 17:47:22.357486-05	f	f	t	2025-08-26 17:47:22.05457-05	amira@student.com	Amira	Hassan		Lifelong learner focused on data analysis and machine learning.
\.


--
-- Data for Name: elearning_app_user_groups; Type: TABLE DATA; Schema: public; Owner: admin
--

COPY public.elearning_app_user_groups (id, user_id, group_id) FROM stdin;
3	4	2
4	5	3
5	6	1
21	27	2
22	28	3
23	29	3
\.


--
-- Data for Name: elearning_app_user_user_permissions; Type: TABLE DATA; Schema: public; Owner: admin
--

COPY public.elearning_app_user_user_permissions (id, user_id, permission_id) FROM stdin;
\.


--
-- Data for Name: elearning_app_userblock; Type: TABLE DATA; Schema: public; Owner: admin
--

COPY public.elearning_app_userblock (id, created_at, blocked_by_id, blocked_user_id) FROM stdin;
\.


--
-- Data for Name: guardian_groupobjectpermission; Type: TABLE DATA; Schema: public; Owner: admin
--

COPY public.guardian_groupobjectpermission (id, object_pk, content_type_id, group_id, permission_id) FROM stdin;
\.


--
-- Data for Name: guardian_userobjectpermission; Type: TABLE DATA; Schema: public; Owner: admin
--

COPY public.guardian_userobjectpermission (id, object_pk, content_type_id, permission_id, user_id) FROM stdin;
1	5	11	44	5
2	5	11	42	5
3	5	11	43	5
4	5	11	44	4
5	5	11	43	4
6	5	1	4	4
7	1	13	52	5
8	1	13	50	5
9	1	13	52	4
10	2	13	52	5
11	2	13	50	5
12	2	13	52	4
13	3	13	52	5
14	3	13	50	5
15	3	13	52	4
16	2	8	30	4
17	2	8	31	4
18	1	14	54	5
19	1	14	55	5
20	1	2	8	4
21	1	2	6	4
22	1	2	7	4
23	1	2	8	5
24	1	2	6	5
25	1	2	7	5
28	2	3	10	4
29	2	3	11	4
30	2	3	12	4
31	2	3	12	5
32	2	7	26	4
33	2	7	27	4
34	3	8	30	4
35	3	8	31	4
36	5	9	36	5
37	5	9	34	5
38	5	9	35	5
39	5	9	36	4
40	5	9	34	4
41	1	10	38	5
42	1	10	39	5
43	3	3	10	4
44	3	3	11	4
45	3	3	12	4
46	3	3	12	5
47	4	3	10	4
48	4	3	11	4
49	4	3	12	4
50	4	3	12	5
51	5	3	10	6
52	5	3	11	6
53	5	3	12	4
54	5	3	12	5
55	6	3	10	5
56	6	3	11	5
57	6	3	12	4
58	6	3	12	5
67	8	12	46	4
68	8	12	47	4
\.


--
-- Data for Name: token_blacklist_blacklistedtoken; Type: TABLE DATA; Schema: public; Owner: admin
--

COPY public.token_blacklist_blacklistedtoken (id, blacklisted_at, token_id) FROM stdin;
1	2025-08-18 19:04:02.198569-05	2
2	2025-08-18 19:06:21.309319-05	5
3	2025-08-18 19:24:49.867951-05	7
4	2025-08-18 19:25:16.95554-05	8
5	2025-08-18 19:25:35.402842-05	9
6	2025-08-18 19:26:03.662056-05	10
7	2025-08-18 19:45:35.523756-05	11
8	2025-08-19 18:05:33.469682-05	12
9	2025-08-19 19:58:32.612442-05	13
10	2025-08-19 19:59:15.823599-05	14
11	2025-08-19 20:05:31.180202-05	15
12	2025-08-19 22:00:00.199917-05	16
13	2025-08-20 16:46:45.078576-05	17
14	2025-08-20 17:35:14.424897-05	18
15	2025-08-20 17:36:25.149058-05	19
16	2025-08-20 18:32:21.399991-05	20
17	2025-08-20 18:33:11.982185-05	21
18	2025-08-20 19:56:18.404892-05	23
19	2025-08-20 20:07:02.549562-05	22
20	2025-08-20 21:37:36.21125-05	25
21	2025-08-20 21:39:29.05729-05	26
22	2025-08-20 21:56:56.128739-05	27
23	2025-08-21 15:07:37.02516-05	28
24	2025-08-22 15:37:57.365506-05	29
25	2025-08-22 15:51:29.918043-05	30
26	2025-08-22 16:22:05.333944-05	31
27	2025-08-22 16:44:49.3892-05	32
28	2025-08-22 16:51:18.887116-05	33
29	2025-08-24 16:44:39.839814-05	35
30	2025-08-24 16:58:31.921807-05	36
31	2025-08-24 17:02:05.310786-05	37
32	2025-08-24 17:37:42.684846-05	38
33	2025-08-24 18:31:26.75241-05	42
34	2025-08-24 19:36:09.149183-05	41
35	2025-08-24 19:36:28.43791-05	43
36	2025-08-25 15:57:42.662531-05	44
37	2025-08-25 16:26:53.934384-05	46
38	2025-08-25 17:11:03.850685-05	48
39	2025-08-25 17:14:45.677112-05	51
40	2025-08-25 17:14:59.739003-05	53
41	2025-08-25 17:16:53.824602-05	55
42	2025-08-25 17:19:59.285317-05	57
43	2025-08-25 17:31:54.472054-05	59
44	2025-08-25 18:21:42.793523-05	61
45	2025-08-26 16:00:59.742401-05	63
46	2025-08-26 16:19:04.867327-05	65
47	2025-08-26 16:36:28.594208-05	67
48	2025-08-26 17:34:46.459336-05	69
49	2025-08-26 17:37:27.588717-05	71
50	2025-08-26 17:45:42.45262-05	73
51	2025-08-26 17:46:55.817874-05	75
52	2025-08-26 17:47:50.05155-05	77
53	2025-08-26 18:03:25.091061-05	79
54	2025-08-26 18:04:19.606317-05	81
55	2025-08-26 19:08:49.224104-05	83
56	2025-08-26 19:10:42.116201-05	85
57	2025-08-26 19:10:57.647951-05	86
58	2025-08-26 19:38:21.437341-05	89
\.


--
-- Data for Name: token_blacklist_outstandingtoken; Type: TABLE DATA; Schema: public; Owner: admin
--

COPY public.token_blacklist_outstandingtoken (id, token, created_at, expires_at, user_id, jti) FROM stdin;
2	eyJhbGciOiJIUzI1NiIsInR5cCI6IkpXVCJ9.eyJ0b2tlbl90eXBlIjoicmVmcmVzaCIsImV4cCI6MTc1NTY0ODI0MiwiaWF0IjoxNzU1NTYxODQyLCJqdGkiOiI4OGEzYTc4NDUyOGY0MDE5YTllMjUyMjU4NGQ0ZGUxYiJ9.1E-kWSi7q5qe29GyiX4YPsT4yA8Af9g_zHs3lEL9trk	2025-08-18 19:04:02.196155-05	2025-08-19 19:04:02-05	\N	88a3a784528f4019a9e2522584d4de1b
5	eyJhbGciOiJIUzI1NiIsInR5cCI6IkpXVCJ9.eyJ0b2tlbl90eXBlIjoicmVmcmVzaCIsImV4cCI6MTc1NTY0ODM4MSwiaWF0IjoxNzU1NTYxOTgxLCJqdGkiOiI4Yzg2MmVkMmIyYWY0MzEzYTJhZTAzNjM0YWNlNzkyMCJ9.nOUxKLVBLbxMTPCY_hvSYHp1d6IPT8_E0XnCZH4r61w	2025-08-18 19:06:21.303466-05	2025-08-19 19:06:21-05	\N	8c862ed2b2af4313a2ae03634ace7920
7	eyJhbGciOiJIUzI1NiIsInR5cCI6IkpXVCJ9.eyJ0b2tlbl90eXBlIjoicmVmcmVzaCIsImV4cCI6MTc1NTY0OTQ4OSwiaWF0IjoxNzU1NTYzMDg5LCJqdGkiOiJkNDc2YzJkMjc4NWU0YTkyYWMxZGRlMWM5N2Q3MmE0YiJ9.pw_bYAhecwyPTHWuWnFSm3Efsj-i7R7wTgGqg6_QMPs	2025-08-18 19:24:49.86508-05	2025-08-19 19:24:49-05	\N	d476c2d2785e4a92ac1dde1c97d72a4b
1	eyJhbGciOiJIUzI1NiIsInR5cCI6IkpXVCJ9.eyJ0b2tlbl90eXBlIjoicmVmcmVzaCIsImV4cCI6MTc1NTY0ODI0MCwiaWF0IjoxNzU1NTYxODQwLCJqdGkiOiIxNTg3M2U5MTA3MGQ0NDA5OTQzYTJlMjEwMzllYzllYyIsInVzZXJfaWQiOiIxOSJ9.bYCXX4la8hBay2kiDWrIeBU7G6u6B3iNL3MZeDhjpoQ	2025-08-18 19:04:00.586798-05	2025-08-19 19:04:00-05	\N	15873e91070d4409943a2e21039ec9ec
3	eyJhbGciOiJIUzI1NiIsInR5cCI6IkpXVCJ9.eyJ0b2tlbl90eXBlIjoicmVmcmVzaCIsImV4cCI6MTc1NTY0ODMyNSwiaWF0IjoxNzU1NTYxOTI1LCJqdGkiOiI5OWQ0ZTlmMWUzZTE0NjAzYWEzNTgxYzM0NmYzM2NhZSIsInVzZXJfaWQiOiIxOSJ9.s9-W3Qy5qDfly0NwfSjxQ8O-IDLWyBnMsFfPoNZ5tc0	2025-08-18 19:05:25.526751-05	2025-08-19 19:05:25-05	\N	99d4e9f1e3e14603aa3581c346f33cae
4	eyJhbGciOiJIUzI1NiIsInR5cCI6IkpXVCJ9.eyJ0b2tlbl90eXBlIjoicmVmcmVzaCIsImV4cCI6MTc1NTY0ODM3OSwiaWF0IjoxNzU1NTYxOTc5LCJqdGkiOiIxMTIyODlmYTM3MWY0MWQ5YmUyYzM5NzlmODBjZTc2YiIsInVzZXJfaWQiOiIxOCJ9.KCUsSTcWqPOLAjg43uWNI0PInlyoUsoUqkR75SW-ZW4	2025-08-18 19:06:19.792453-05	2025-08-19 19:06:19-05	\N	112289fa371f41d9be2c3979f80ce76b
6	eyJhbGciOiJIUzI1NiIsInR5cCI6IkpXVCJ9.eyJ0b2tlbl90eXBlIjoicmVmcmVzaCIsImV4cCI6MTc1NTY0OTA5MiwiaWF0IjoxNzU1NTYyNjkyLCJqdGkiOiIwNmM1YTA4M2EzMTU0OTZhYWM0YTYyNTU4MjYyNDg5ZSIsInVzZXJfaWQiOiIxOCJ9.IW-vbmj0FVyCOCRmjt9hq2Ijxyz2wEyt-JZPB4GOgIU	2025-08-18 19:18:12.158511-05	2025-08-19 19:18:12-05	\N	06c5a083a315496aac4a62558262489e
8	eyJhbGciOiJIUzI1NiIsInR5cCI6IkpXVCJ9.eyJ0b2tlbl90eXBlIjoicmVmcmVzaCIsImV4cCI6MTc1NTY0OTUxNSwiaWF0IjoxNzU1NTYzMTE1LCJqdGkiOiIxMjg4ZjZlMDk1ZmI0MjNiYjAwMDQ1NzRkYmRhNTQ4NyIsInVzZXJfaWQiOiIxOCJ9.BlPCyEtL6qgeXAAFflXp1bRFULz2g1faNXsBEze6NfE	2025-08-18 19:25:15.579893-05	2025-08-19 19:25:15-05	\N	1288f6e095fb423bb0004574dbda5487
9	eyJhbGciOiJIUzI1NiIsInR5cCI6IkpXVCJ9.eyJ0b2tlbl90eXBlIjoicmVmcmVzaCIsImV4cCI6MTc1NTY0OTUzMywiaWF0IjoxNzU1NTYzMTMzLCJqdGkiOiIwNTM1NWQxZGQ0ZTU0YWM2OGJkMDFhM2QwMWU2NzdiNSIsInVzZXJfaWQiOiIyMCJ9.ONI61X8yVkfMeVCoVx5Rhv2x7crl1xmTwUxLR6x3hjM	2025-08-18 19:25:33.981443-05	2025-08-19 19:25:33-05	\N	05355d1dd4e54ac68bd01a3d01e677b5
10	eyJhbGciOiJIUzI1NiIsInR5cCI6IkpXVCJ9.eyJ0b2tlbl90eXBlIjoicmVmcmVzaCIsImV4cCI6MTc1NTY0OTU1OSwiaWF0IjoxNzU1NTYzMTU5LCJqdGkiOiJkOGZmMWQwZmNiYjU0YzgxODYzZThmYjc0NWUxN2VmOCIsInVzZXJfaWQiOiIyMSJ9.P6w3eI7ParrxdmXVab1--_MtLHmvHJyUFW6iNLwcnKI	2025-08-18 19:25:59.563051-05	2025-08-19 19:25:59-05	\N	d8ff1d0fcbb54c81863e8fb745e17ef8
11	eyJhbGciOiJIUzI1NiIsInR5cCI6IkpXVCJ9.eyJ0b2tlbl90eXBlIjoicmVmcmVzaCIsImV4cCI6MTc1NTY1MDczNSwiaWF0IjoxNzU1NTY0MzM1LCJqdGkiOiJmZWYyYTRmOWRhZTg0YTQ2OWM1MmI2NTA0YjQ2YjJmMSJ9.xBCnkAtVOb47zrvEeaBF0Dso2qlgfLdmgxtyGJaVf88	2025-08-18 19:45:35.513995-05	2025-08-19 19:45:35-05	\N	fef2a4f9dae84a469c52b6504b46b2f1
12	eyJhbGciOiJIUzI1NiIsInR5cCI6IkpXVCJ9.eyJ0b2tlbl90eXBlIjoicmVmcmVzaCIsImV4cCI6MTc1NTczMTEzMywiaWF0IjoxNzU1NjQ0NzMzLCJqdGkiOiIwYjJlOTg2OGU3ZTQ0MGYzYWQyOTQyMGJkYmZjZTgzNyJ9.PrPwFP04yc5XpWf_pbcWOlYkotMZKDAHC1OzvH6mhXo	2025-08-19 18:05:33.456467-05	2025-08-20 18:05:33-05	\N	0b2e9868e7e440f3ad29420bdbfce837
13	eyJhbGciOiJIUzI1NiIsInR5cCI6IkpXVCJ9.eyJ0b2tlbl90eXBlIjoicmVmcmVzaCIsImV4cCI6MTc1NTczMTE0MSwiaWF0IjoxNzU1NjQ0NzQxLCJqdGkiOiJjYWRhZDMwY2FkMzk0NDY5OGEwNWY1OGQzYmMyOTFmMyIsInVzZXJfaWQiOiI1In0.kLsTmJTeTLv5ZVnRJyXjGuNFHRwrKsFvy69XGziL8LQ	2025-08-19 18:05:41.760314-05	2025-08-20 18:05:41-05	5	cadad30cad3944698a05f58d3bc291f3
14	eyJhbGciOiJIUzI1NiIsInR5cCI6IkpXVCJ9.eyJ0b2tlbl90eXBlIjoicmVmcmVzaCIsImV4cCI6MTc1NTczNzkxOSwiaWF0IjoxNzU1NjUxNTE5LCJqdGkiOiJhMGQyMWU3NzMyMTA0MDdkOTA4MTA1Mjg0Nzc0MWFiZiIsInVzZXJfaWQiOiI1In0.gTFtnueS3ZikUNUz0_ClWrbyU7p3R_aqErU4Bq2HVHI	2025-08-19 19:58:39.501205-05	2025-08-20 19:58:39-05	5	a0d21e773210407d9081052847741abf
15	eyJhbGciOiJIUzI1NiIsInR5cCI6IkpXVCJ9.eyJ0b2tlbl90eXBlIjoicmVmcmVzaCIsImV4cCI6MTc1NTczNzk2NCwiaWF0IjoxNzU1NjUxNTY0LCJqdGkiOiIwMTE3YWM2OTBlZmI0ZWI2OTMzMmMyNmUyZGNhZDY0MCIsInVzZXJfaWQiOiI1In0.pSxej7tWfR9p9W2Bw2wpQqjFTNiL9N9KKRPQdZ2mH8w	2025-08-19 19:59:24.151068-05	2025-08-20 19:59:24-05	5	0117ac690efb4eb69332c26e2dcad640
16	eyJhbGciOiJIUzI1NiIsInR5cCI6IkpXVCJ9.eyJ0b2tlbl90eXBlIjoicmVmcmVzaCIsImV4cCI6MTc1NTczODM2NiwiaWF0IjoxNzU1NjUxOTY2LCJqdGkiOiJlZWZhZjA0OWRmNTM0ZWJiYmYwODk5MzdkOWE2NjQ1OCIsInVzZXJfaWQiOiI1In0._JwLaGx_Mp95HQX4fszUmuWKWzn805XSr-3vVHvsxws	2025-08-19 20:06:06.230144-05	2025-08-20 20:06:06-05	5	eefaf049df534ebbbf089937d9a66458
17	eyJhbGciOiJIUzI1NiIsInR5cCI6IkpXVCJ9.eyJ0b2tlbl90eXBlIjoicmVmcmVzaCIsImV4cCI6MTc1NTgwOTQzNiwiaWF0IjoxNzU1NzIzMDM2LCJqdGkiOiJjNjlhYTcyZGQ3Yjg0MzM5YTAzMDYxYjI5NjNiZDlkYSIsInVzZXJfaWQiOiI0In0.8btSLV8ZCPVzzSPk4fXpKhy1s4mn15_Ui_T1oJVyLoA	2025-08-20 15:50:36.868209-05	2025-08-21 15:50:36-05	4	c69aa72dd7b84339a03061b2963bd9da
18	eyJhbGciOiJIUzI1NiIsInR5cCI6IkpXVCJ9.eyJ0b2tlbl90eXBlIjoicmVmcmVzaCIsImV4cCI6MTc1NTgxMjgxNCwiaWF0IjoxNzU1NzI2NDE0LCJqdGkiOiI3N2IyZDEwN2IyYmI0ZmYxOTMzZDM5ZjBhYTlmMTM3NiIsInVzZXJfaWQiOiI0In0.ZTwPiBgT0XIwvTfx7BtPSCmwhZLNn5vdC0lBcqG_f-w	2025-08-20 16:46:54.960571-05	2025-08-21 16:46:54-05	4	77b2d107b2bb4ff1933d39f0aa9f1376
19	eyJhbGciOiJIUzI1NiIsInR5cCI6IkpXVCJ9.eyJ0b2tlbl90eXBlIjoicmVmcmVzaCIsImV4cCI6MTc1NTgxNTcyNSwiaWF0IjoxNzU1NzI5MzI1LCJqdGkiOiJkYjk5NTIyYjg2NTA0NGFjOTNiOTFkZGMxOTg3NzQxZSIsInVzZXJfaWQiOiI1In0.vUYkYaYbB52u8zpPHWFwnuegIZPssQriCmtj-Aj0-3Q	2025-08-20 17:35:25.72673-05	2025-08-21 17:35:25-05	5	db99522b865044ac93b91ddc1987741e
20	eyJhbGciOiJIUzI1NiIsInR5cCI6IkpXVCJ9.eyJ0b2tlbl90eXBlIjoicmVmcmVzaCIsImV4cCI6MTc1NTgxNzkzOCwiaWF0IjoxNzU1NzMxNTM4LCJqdGkiOiI3YjNkMzY1YjFmN2U0YzQxYWYzMTJhMmFlNzk4N2E0MiIsInVzZXJfaWQiOiI0In0.seVhOGnIbjPQxOL_IAYkIicfJKsoE0uTUuaovm1ii6M	2025-08-20 18:12:18.446207-05	2025-08-21 18:12:18-05	4	7b3d365b1f7e4c41af312a2ae7987a42
21	eyJhbGciOiJIUzI1NiIsInR5cCI6IkpXVCJ9.eyJ0b2tlbl90eXBlIjoicmVmcmVzaCIsImV4cCI6MTc1NTgxOTE1MCwiaWF0IjoxNzU1NzMyNzUwLCJqdGkiOiJlZjgyYzk4NzMwYmE0NjM4YWU3NmUyNDc3YjAxZjVkYSIsInVzZXJfaWQiOiI1In0.HywEJLTdEzA3soBot1Foy92V5J_ZFdkVG7jSI4gk4b4	2025-08-20 18:32:30.688822-05	2025-08-21 18:32:30-05	5	ef82c98730ba4638ae76e2477b01f5da
22	eyJhbGciOiJIUzI1NiIsInR5cCI6IkpXVCJ9.eyJ0b2tlbl90eXBlIjoicmVmcmVzaCIsImV4cCI6MTc1NTgxOTIwMSwiaWF0IjoxNzU1NzMyODAxLCJqdGkiOiI0NWI5M2I3MmU2ODM0NGE0YTVlMTU0YTVkZjRlNDhlMCIsInVzZXJfaWQiOiI0In0.e69L67o4mSaLyUONXST6DOdddh7DwHeJbaLe78In24g	2025-08-20 18:33:21.342369-05	2025-08-21 18:33:21-05	4	45b93b72e68344a4a5e154a5df4e48e0
23	eyJhbGciOiJIUzI1NiIsInR5cCI6IkpXVCJ9.eyJ0b2tlbl90eXBlIjoicmVmcmVzaCIsImV4cCI6MTc1NTgyNDE3OCwiaWF0IjoxNzU1NzM3Nzc4LCJqdGkiOiIzM2U1ZGIyM2I4ODI0YWQxYWU2NzU2MTZmYzc3Y2U2NyJ9.MXx83G6BV2MzBUq7pToPtrz5ZxU0zHQXI1QNDjfjwdk	2025-08-20 19:56:18.392773-05	2025-08-21 19:56:18-05	\N	33e5db23b8824ad1ae675616fc77ce67
24	eyJhbGciOiJIUzI1NiIsInR5cCI6IkpXVCJ9.eyJ0b2tlbl90eXBlIjoicmVmcmVzaCIsImV4cCI6MTc1NTgyNDIwNCwiaWF0IjoxNzU1NzM3ODA0LCJqdGkiOiJhNWEwZDQxNWExYTQ0MjM1YjE2YmRjNWJiODY4MTliYyIsInVzZXJfaWQiOiI1In0.cDLF_n7jRJ3TFnXuTCZN38VrQ9rJh_F3pxkpPqs5tHo	2025-08-20 19:56:44.459868-05	2025-08-21 19:56:44-05	5	a5a0d415a1a44235b16bdc5bb86819bc
25	eyJhbGciOiJIUzI1NiIsInR5cCI6IkpXVCJ9.eyJ0b2tlbl90eXBlIjoicmVmcmVzaCIsImV4cCI6MTc1NTgyNjk3MywiaWF0IjoxNzU1NzQwNTczLCJqdGkiOiJmMmM2NjM0OWVjNzE0ZGY3YWM4Nzc5ZjllYjQzYjdiNCIsInVzZXJfaWQiOiI1In0.iFw8-nY_pAI_XKjH0ui9KD8g2bvgWani84REGxlNr7c	2025-08-20 20:42:53.809211-05	2025-08-21 20:42:53-05	5	f2c66349ec714df7ac8779f9eb43b7b4
26	eyJhbGciOiJIUzI1NiIsInR5cCI6IkpXVCJ9.eyJ0b2tlbl90eXBlIjoicmVmcmVzaCIsImV4cCI6MTc1NTgzMDI2OSwiaWF0IjoxNzU1NzQzODY5LCJqdGkiOiI5YWFjYmI5MWZmZjU0YjJmYmMzZTA0NGZmZjAxZWU2NyIsInVzZXJfaWQiOiI1In0.HfeUE8T-RM-DDSlJc6Nm66BDNJz2A-1gQUY5z6f8w_E	2025-08-20 21:37:49.03558-05	2025-08-21 21:37:49-05	5	9aacbb91fff54b2fbc3e044fff01ee67
27	eyJhbGciOiJIUzI1NiIsInR5cCI6IkpXVCJ9.eyJ0b2tlbl90eXBlIjoicmVmcmVzaCIsImV4cCI6MTc1NTgzMDM4MCwiaWF0IjoxNzU1NzQzOTgwLCJqdGkiOiJlZDQ5ZDZhOTZlNWE0OThjYmZhNjhhMGEwMjVlZDkzNSIsInVzZXJfaWQiOiI1In0.lIc8W2S8Jogdbi9Hgq-n9XzAgG74c-RXXwAdORvgIyc	2025-08-20 21:39:40.998256-05	2025-08-21 21:39:40-05	5	ed49d6a96e5a498cbfa68a0a025ed935
28	eyJhbGciOiJIUzI1NiIsInR5cCI6IkpXVCJ9.eyJ0b2tlbl90eXBlIjoicmVmcmVzaCIsImV4cCI6MTc1NTgzMTU3MywiaWF0IjoxNzU1NzQ1MTczLCJqdGkiOiJlODBmNTkxMTI2NTA0ZTY2OTI1MDZmYzE2MzZlNjA4NiIsInVzZXJfaWQiOiI1In0.1coc3dZ43W7HWdASQmx2y6GrlNGoqOsbZcabl6OGAHI	2025-08-20 21:59:33.489464-05	2025-08-21 21:59:33-05	5	e80f591126504e6692506fc1636e6086
29	eyJhbGciOiJIUzI1NiIsInR5cCI6IkpXVCJ9.eyJ0b2tlbl90eXBlIjoicmVmcmVzaCIsImV4cCI6MTc1NTg5NTg2OCwiaWF0IjoxNzU1ODA5NDY4LCJqdGkiOiJlNjczYzdkY2JjYzc0YTY3YjM5ZTZkNWI1YmJkMGZjZCIsInVzZXJfaWQiOiI1In0.yzNIKRU4sdE39ZM7l0IrC_hDLs_COVDQHq_CK97vZqA	2025-08-21 15:51:08.372905-05	2025-08-22 15:51:08-05	5	e673c7dcbcc74a67b39e6d5b5bbd0fcd
30	eyJhbGciOiJIUzI1NiIsInR5cCI6IkpXVCJ9.eyJ0b2tlbl90eXBlIjoicmVmcmVzaCIsImV4cCI6MTc1NTk4MTQ4OSwiaWF0IjoxNzU1ODk1MDg5LCJqdGkiOiJmODU1ODIwMzFlOTg0OGE2ODllZTNmODI1MGUxZDI4MyIsInVzZXJfaWQiOiI0In0.At2TAgtpnzMLVkV4zTLfFCedLj-KTElSDe0sJ3B9Au4	2025-08-22 15:38:09.783022-05	2025-08-23 15:38:09-05	4	f85582031e9848a689ee3f8250e1d283
31	eyJhbGciOiJIUzI1NiIsInR5cCI6IkpXVCJ9.eyJ0b2tlbl90eXBlIjoicmVmcmVzaCIsImV4cCI6MTc1NTk4MjM0MywiaWF0IjoxNzU1ODk1OTQzLCJqdGkiOiI2OTVhMDNjM2MyMmY0MzUyYTZiY2I3NzU2MjVjNDg1ZSIsInVzZXJfaWQiOiI1In0.OQllXriFNUD9dqzSzE9pjwt8gicIsN0lV47DKbxwUL4	2025-08-22 15:52:23.723434-05	2025-08-23 15:52:23-05	5	695a03c3c22f4352a6bcb775625c485e
32	eyJhbGciOiJIUzI1NiIsInR5cCI6IkpXVCJ9.eyJ0b2tlbl90eXBlIjoicmVmcmVzaCIsImV4cCI6MTc1NTk4NDEzNCwiaWF0IjoxNzU1ODk3NzM0LCJqdGkiOiIxZjdkNjIwODUxZTY0N2FhOWE4N2RjZmY4MWM1NDBmYiIsInVzZXJfaWQiOiI1In0.PtGvbhQoqJOFe9OrmGDVAYiLuYh9M1xHARvTvB_Mr1k	2025-08-22 16:22:14.777391-05	2025-08-23 16:22:14-05	5	1f7d620851e647aa9a87dcff81c540fb
33	eyJhbGciOiJIUzI1NiIsInR5cCI6IkpXVCJ9.eyJ0b2tlbl90eXBlIjoicmVmcmVzaCIsImV4cCI6MTc1NTk4NTUwNSwiaWF0IjoxNzU1ODk5MTA1LCJqdGkiOiI5ODU5MzgzYWFhNzM0NzlkYmU0ZTZlNDk4NDM2Y2IzNSIsInVzZXJfaWQiOiI1In0.kw4fKqGKkU03puasT7goAgP82AY4gsxV0m1twxbSZjg	2025-08-22 16:45:05.568451-05	2025-08-23 16:45:05-05	5	9859383aaa73479dbe4e6e498436cb35
34	eyJhbGciOiJIUzI1NiIsInR5cCI6IkpXVCJ9.eyJ0b2tlbl90eXBlIjoicmVmcmVzaCIsImV4cCI6MTc1NTk4NTkxNCwiaWF0IjoxNzU1ODk5NTE0LCJqdGkiOiJkOTM4OThiYWY5YjA0NzA3YTEyMDUzMzhlODg5YjM3YiIsInVzZXJfaWQiOiI0In0.8CiUM-Wi72r7JfYR_iTVo0EwXroIpscx_e8JWYB8sjs	2025-08-22 16:51:54.83128-05	2025-08-23 16:51:54-05	4	d93898baf9b04707a1205338e889b37b
35	eyJhbGciOiJIUzI1NiIsInR5cCI6IkpXVCJ9.eyJ0b2tlbl90eXBlIjoicmVmcmVzaCIsImV4cCI6MTc1NjE1MDE1MSwiaWF0IjoxNzU2MDYzNzUxLCJqdGkiOiJlMGI3OGNhNWQ4NTc0Mjc1Yjk2OGVjOTNmMTNiYjQ1OSIsInVzZXJfaWQiOiI1In0.S2c5VbVUq2IcnYDPKewLzeXuTsB6VW9mygtjl3pp7EM	2025-08-24 14:29:11.666426-05	2025-08-25 14:29:11-05	5	e0b78ca5d8574275b968ec93f13bb459
36	eyJhbGciOiJIUzI1NiIsInR5cCI6IkpXVCJ9.eyJ0b2tlbl90eXBlIjoicmVmcmVzaCIsImV4cCI6MTc1NjE1ODI5MCwiaWF0IjoxNzU2MDcxODkwLCJqdGkiOiI3NzVkYzdhYzY2ZGY0MGVmYmMxNTQxMmFiNDk5MzRiZiIsInVzZXJfaWQiOiI0In0.6wK9L8AY-aS1jmiTgfln1XSGUDNzSKGpdgIKnEZQeZ0	2025-08-24 16:44:50.015594-05	2025-08-25 16:44:50-05	4	775dc7ac66df40efbc15412ab49934bf
37	eyJhbGciOiJIUzI1NiIsInR5cCI6IkpXVCJ9.eyJ0b2tlbl90eXBlIjoicmVmcmVzaCIsImV4cCI6MTc1NjE1OTExOSwiaWF0IjoxNzU2MDcyNzE5LCJqdGkiOiI1NDY5YTAwNzFiZjc0NmJhODQ5YTkwZjgwNzY1MTcyZSIsInVzZXJfaWQiOiI1In0.J6l2v7mYgxehfCxc_nREh2ELTeCELzXS2-EZtTXyekw	2025-08-24 16:58:39.799065-05	2025-08-25 16:58:39-05	5	5469a0071bf746ba849a90f80765172e
38	eyJhbGciOiJIUzI1NiIsInR5cCI6IkpXVCJ9.eyJ0b2tlbl90eXBlIjoicmVmcmVzaCIsImV4cCI6MTc1NjE1OTMzMywiaWF0IjoxNzU2MDcyOTMzLCJqdGkiOiI1MTcyNzlkMTUwMjU0NmNjYjk3NjkyYzUxN2FiMmZjYSIsInVzZXJfaWQiOiI0In0.MeLoma9s0Lu8chUmC7HhWWQACxMVUizS2d_xKBhFBIQ	2025-08-24 17:02:13.039275-05	2025-08-25 17:02:13-05	4	517279d1502546ccb97692c517ab2fca
39	eyJhbGciOiJIUzI1NiIsInR5cCI6IkpXVCJ9.eyJ0b2tlbl90eXBlIjoicmVmcmVzaCIsImV4cCI6MTc1NjE2MTQ3MCwiaWF0IjoxNzU2MDc1MDcwLCJqdGkiOiJmYjNmZWY5MDQxNWU0MzYxODc4ZjE1MzA3MmNmNDkxYSIsInVzZXJfaWQiOiI1In0.qIQo8KmJxGZpcNUCXv_rJlxuqqtQTnsn1z-eEuYF_RQ	2025-08-24 17:37:50.468484-05	2025-08-25 17:37:50-05	5	fb3fef90415e4361878f153072cf491a
40	eyJhbGciOiJIUzI1NiIsInR5cCI6IkpXVCJ9.eyJ0b2tlbl90eXBlIjoicmVmcmVzaCIsImV4cCI6MTc1NjE2MjA0MSwiaWF0IjoxNzU2MDc1NjQxLCJqdGkiOiI2OWE5ZTVmOWRiNzg0MDkwYWY4N2U2OTY0ZDc0YTFlOCIsInVzZXJfaWQiOiI1In0.HpSBMD81lpJyfIKdmc7Gk58MXRF6eRgHeYAQSEz9Ldo	2025-08-24 17:47:21.816127-05	2025-08-25 17:47:21-05	5	69a9e5f9db784090af87e6964d74a1e8
41	eyJhbGciOiJIUzI1NiIsInR5cCI6IkpXVCJ9.eyJ0b2tlbl90eXBlIjoicmVmcmVzaCIsImV4cCI6MTc1NjE2MjE1MiwiaWF0IjoxNzU2MDc1NzUyLCJqdGkiOiIzNTFjODQzZTRhNTY0NWE1OTYxNzA0YWQ2MDVjNzc4MyIsInVzZXJfaWQiOiI1In0.j9f3sv6I6MfKQa0JOGX3dFekBxtFBskvew6kOMrdySQ	2025-08-24 17:49:12.270024-05	2025-08-25 17:49:12-05	5	351c843e4a5645a5961704ad605c7783
42	eyJhbGciOiJIUzI1NiIsInR5cCI6IkpXVCJ9.eyJ0b2tlbl90eXBlIjoicmVmcmVzaCIsImV4cCI6MTc1NjE2NDY4NiwiaWF0IjoxNzU2MDc4Mjg2LCJqdGkiOiI5YjM0Mjk2Yjg4OWU0Yzc2YjZhY2NkOTI1ZDY4ZWE0NCJ9.TsnBFAOhzWDnItYIDBmfTmz5XrXY2y9_cALA0MqsJlQ	2025-08-24 18:31:26.737153-05	2025-08-25 18:31:26-05	\N	9b34296b889e4c76b6accd925d68ea44
43	eyJhbGciOiJIUzI1NiIsInR5cCI6IkpXVCJ9.eyJ0b2tlbl90eXBlIjoicmVmcmVzaCIsImV4cCI6MTc1NjE2NDY5NSwiaWF0IjoxNzU2MDc4Mjk1LCJqdGkiOiIxM2RjYmRkZmNjZDI0YzFhOGE0ZTEwYzIxZGZiMzg3MSIsInVzZXJfaWQiOiI0In0.xsLxmek40OPkN7ZN99qSb7tCsoWiQsNH8FAFxXlOfgY	2025-08-24 18:31:35.353406-05	2025-08-25 18:31:35-05	4	13dcbddfccd24c1a8a4e10c21dfb3871
44	eyJhbGciOiJIUzI1NiIsInR5cCI6IkpXVCJ9.eyJ0b2tlbl90eXBlIjoicmVmcmVzaCIsImV4cCI6MTc1NjE2ODU3OSwiaWF0IjoxNzU2MDgyMTc5LCJqdGkiOiIzNTVkMTQ4OTRkMDQ0YzkyOThlMjkwM2U2NGRhOGE2YiIsInVzZXJfaWQiOiI1In0.JwOhSg91ZAPC9SO4FaO0l5I5QpGAggknJHAca8JFrD0	2025-08-24 19:36:19.579689-05	2025-08-25 19:36:19-05	5	355d14894d044c9298e2903e64da8a6b
45	eyJhbGciOiJIUzI1NiIsInR5cCI6IkpXVCJ9.eyJ0b2tlbl90eXBlIjoicmVmcmVzaCIsImV4cCI6MTc1NjE2ODYwOCwiaWF0IjoxNzU2MDgyMjA4LCJqdGkiOiJlMTkwMzIxYzYyYWU0ZmE4YTkxMGVmYTZkODlhNDQ5OCIsInVzZXJfaWQiOiI0In0.5uTIr0oz_dHtCxF6gDxctjZfJps4KU0HPpKBqIGr24w	2025-08-24 19:36:48.020933-05	2025-08-25 19:36:48-05	4	e190321c62ae4fa8a910efa6d89a4498
46	eyJhbGciOiJIUzI1NiIsInR5cCI6IkpXVCJ9.eyJ0b2tlbl90eXBlIjoicmVmcmVzaCIsImV4cCI6MTc1NjI0MjMwMiwiaWF0IjoxNzU2MTU1OTAyLCJqdGkiOiJlMzVjZjViYmQ0OTY0YzY1OTYwNzhkZDNhYjY4YWY2ZiIsInVzZXJfaWQiOiI1In0.95_uiQ4v7YNDRoZTI-xGhAM8hs_YwW_GdK3bjc6-ru4	2025-08-25 16:05:02.878516-05	2025-08-26 16:05:02-05	5	e35cf5bbd4964c6596078dd3ab68af6f
47	eyJhbGciOiJIUzI1NiIsInR5cCI6IkpXVCJ9.eyJ0b2tlbl90eXBlIjoicmVmcmVzaCIsImV4cCI6MTc1NjI0NjIxNiwiaWF0IjoxNzU2MTU5ODE2LCJqdGkiOiJiN2YwYzNiYzRhZDQ0YzlmYmM4N2JlMWQzMTg5ZmUzNCIsInVzZXJfaWQiOiI1In0.jUdUX0kEOMh97Cxo6CFkqoe-X-EB5oFNA6dLroH7HK8	2025-08-25 17:10:16.869655-05	2025-08-26 17:10:16-05	5	b7f0c3bc4ad44c9fbc87be1d3189fe34
48	eyJhbGciOiJIUzI1NiIsInR5cCI6IkpXVCJ9.eyJ0b2tlbl90eXBlIjoicmVmcmVzaCIsImV4cCI6MTc1NjI0NjI2MywiaWF0IjoxNzU2MTU5ODYzLCJqdGkiOiJiOGY0Yjk5ZjNkYWI0ZmRjOWM1OWI0ZWZlYmJiZmZmOSJ9.ATQAGApq4GwXYSfzqIZU1aJbuKUUjm8xfoJvLts_4O8	2025-08-25 17:11:03.840322-05	2025-08-26 17:11:03-05	\N	b8f4b99f3dab4fdc9c59b4efebbbfff9
49	eyJhbGciOiJIUzI1NiIsInR5cCI6IkpXVCJ9.eyJ0b2tlbl90eXBlIjoicmVmcmVzaCIsImV4cCI6MTc1NjI0NjI3MSwiaWF0IjoxNzU2MTU5ODcxLCJqdGkiOiI1Y2NlMDI3NmQ5Njg0NGViYmVhOWE2NmVkNWQ4Y2ZlMiIsInVzZXJfaWQiOiI1In0.2MnaFBMOihJAwLYs6ecgZIdgnFWffHfo4AS90MNy-e0	2025-08-25 17:11:11.368609-05	2025-08-26 17:11:11-05	5	5cce0276d96844ebbea9a66ed5d8cfe2
50	eyJhbGciOiJIUzI1NiIsInR5cCI6IkpXVCJ9.eyJ0b2tlbl90eXBlIjoicmVmcmVzaCIsImV4cCI6MTc1NjI0NjMzNywiaWF0IjoxNzU2MTU5OTM3LCJqdGkiOiIzY2U3NzNjZDIxOWY0MGRjODE5ZjViOWRkOTNmMWZkNCIsInVzZXJfaWQiOiI1In0.JBW6RbFnDAHTsv5asdryFHWL0SsdhfL24WHIxQPcxVA	2025-08-25 17:12:17.720795-05	2025-08-26 17:12:17-05	5	3ce773cd219f40dc819f5b9dd93f1fd4
51	eyJhbGciOiJIUzI1NiIsInR5cCI6IkpXVCJ9.eyJ0b2tlbl90eXBlIjoicmVmcmVzaCIsImV4cCI6MTc1NjI0NjQ4NSwiaWF0IjoxNzU2MTYwMDg1LCJqdGkiOiJkYzQwNWE1MDZkMmE0ZDlmOWNkZTU4MjZjMDQwMTMxYSJ9.1vY60YfQd-0im0I0jsL9-TmSlHKKjYWwhW9qrmg1Uz4	2025-08-25 17:14:45.666843-05	2025-08-26 17:14:45-05	\N	dc405a506d2a4d9f9cde5826c040131a
52	eyJhbGciOiJIUzI1NiIsInR5cCI6IkpXVCJ9.eyJ0b2tlbl90eXBlIjoicmVmcmVzaCIsImV4cCI6MTc1NjI0NjQ5NSwiaWF0IjoxNzU2MTYwMDk1LCJqdGkiOiJmZDQzNDYzNzI0N2Y0Zjc5YmE2YTA3YzQ0NDRmYzZmZiIsInVzZXJfaWQiOiI1In0.scGASlfqEhQ831kLt9S-DUK8ShcmZNA7D65Bd4kcrno	2025-08-25 17:14:55.78289-05	2025-08-26 17:14:55-05	5	fd434637247f4f79ba6a07c4444fc6ff
53	eyJhbGciOiJIUzI1NiIsInR5cCI6IkpXVCJ9.eyJ0b2tlbl90eXBlIjoicmVmcmVzaCIsImV4cCI6MTc1NjI0NjQ5OSwiaWF0IjoxNzU2MTYwMDk5LCJqdGkiOiIwODc4YTQ2NWNmZGM0N2VhOTViM2Q3MDIxNjI3ZTM2ZiJ9.73y5clbmYfVyhf3UG3_vgBuGHT2AEVKFQ6bb4cNJeIQ	2025-08-25 17:14:59.73492-05	2025-08-26 17:14:59-05	\N	0878a465cfdc47ea95b3d7021627e36f
55	eyJhbGciOiJIUzI1NiIsInR5cCI6IkpXVCJ9.eyJ0b2tlbl90eXBlIjoicmVmcmVzaCIsImV4cCI6MTc1NjI0NjYxMywiaWF0IjoxNzU2MTYwMjEzLCJqdGkiOiJhZjZlMmZiOWVkZDg0ZDU0OGJjNjRjNTgwOWVhZWIyYyJ9._D7Jy9jUGTFMFjWYwdENRDuK2vuqUgDcS1wHM5-D0jw	2025-08-25 17:16:53.816362-05	2025-08-26 17:16:53-05	\N	af6e2fb9edd84d548bc64c5809eaeb2c
56	eyJhbGciOiJIUzI1NiIsInR5cCI6IkpXVCJ9.eyJ0b2tlbl90eXBlIjoicmVmcmVzaCIsImV4cCI6MTc1NjI0Njc1MiwiaWF0IjoxNzU2MTYwMzUyLCJqdGkiOiJlZTM0Y2NhODI5NDE0ZmYyYWNhM2JkZTc5NDc1NmFjYiIsInVzZXJfaWQiOiI1In0.5mGlEBAzKsDdc8oC77o7GUUJIcbWM9ibqp8wYcTOGbs	2025-08-25 17:19:12.630335-05	2025-08-26 17:19:12-05	5	ee34cca829414ff2aca3bde794756acb
57	eyJhbGciOiJIUzI1NiIsInR5cCI6IkpXVCJ9.eyJ0b2tlbl90eXBlIjoicmVmcmVzaCIsImV4cCI6MTc1NjI0Njc5OSwiaWF0IjoxNzU2MTYwMzk5LCJqdGkiOiJiOWNjMDAwMjc4ZTg0NWNjYTdhNTljMDY5ZTYwNTZlNyJ9.fgr-DnNmAI23lD22OIMYxP0ATWDvozIRVlBrLa2C3Oc	2025-08-25 17:19:59.278231-05	2025-08-26 17:19:59-05	\N	b9cc000278e845cca7a59c069e6056e7
58	eyJhbGciOiJIUzI1NiIsInR5cCI6IkpXVCJ9.eyJ0b2tlbl90eXBlIjoicmVmcmVzaCIsImV4cCI6MTc1NjI0NjgwOCwiaWF0IjoxNzU2MTYwNDA4LCJqdGkiOiI2NmI2NWY3ZWFlZmU0YjdlOWE4ODc3MDRmYjAwYmQ2YSIsInVzZXJfaWQiOiI0In0.JDbjIc0SNgBY7_TWTadQICbyOeq_jnBFTuwuYujfrmk	2025-08-25 17:20:08.480656-05	2025-08-26 17:20:08-05	4	66b65f7eaefe4b7e9a887704fb00bd6a
59	eyJhbGciOiJIUzI1NiIsInR5cCI6IkpXVCJ9.eyJ0b2tlbl90eXBlIjoicmVmcmVzaCIsImV4cCI6MTc1NjI0NzUxNCwiaWF0IjoxNzU2MTYxMTE0LCJqdGkiOiIwYWNmNTJiNWE4Y2Y0ZWJkYWUxYTQ3ODczNzUxNTlhOCJ9.BoLOMSapeuhMV7NAL29LdWvMuJ0zDLQPh2-OY6wiMn4	2025-08-25 17:31:54.450674-05	2025-08-26 17:31:54-05	\N	0acf52b5a8cf4ebdae1a4787375159a8
60	eyJhbGciOiJIUzI1NiIsInR5cCI6IkpXVCJ9.eyJ0b2tlbl90eXBlIjoicmVmcmVzaCIsImV4cCI6MTc1NjI0NzUyNCwiaWF0IjoxNzU2MTYxMTI0LCJqdGkiOiI1MjE5NDlmOTUzYTI0ZWNjYmQ5Y2QwOGE2ODc1NDM0ZiIsInVzZXJfaWQiOiI1In0.RDcLeruH6BcX76yunjpqgdpUi0MA68uqN6gKqo7zJb0	2025-08-25 17:32:04.380175-05	2025-08-26 17:32:04-05	5	521949f953a24eccbd9cd08a6875434f
61	eyJhbGciOiJIUzI1NiIsInR5cCI6IkpXVCJ9.eyJ0b2tlbl90eXBlIjoicmVmcmVzaCIsImV4cCI6MTc1NjI1MDUwMiwiaWF0IjoxNzU2MTY0MTAyLCJqdGkiOiJjZDc3ODA3MDRmNGI0MDk0OTIyOTNjZWQ0NmZjYzBlMSJ9.KZOGHHeO9M1c_PApJ_GkCyDnHDoWzDFPyPCfy_TZ5qw	2025-08-25 18:21:42.78277-05	2025-08-26 18:21:42-05	\N	cd7780704f4b409492293ced46fcc0e1
62	eyJhbGciOiJIUzI1NiIsInR5cCI6IkpXVCJ9.eyJ0b2tlbl90eXBlIjoicmVmcmVzaCIsImV4cCI6MTc1NjI1MDUxMCwiaWF0IjoxNzU2MTY0MTEwLCJqdGkiOiJhYjliMzYwZWFkZDg0NjQ3ODRjOWE5YTdiODRiMGYwMyIsInVzZXJfaWQiOiI0In0.f-R3o23JwynvYCeJ-ezry3KLuh4LwXnj1i9pvrOMV50	2025-08-25 18:21:50.178754-05	2025-08-26 18:21:50-05	4	ab9b360eadd8464784c9a9a7b84b0f03
54	eyJhbGciOiJIUzI1NiIsInR5cCI6IkpXVCJ9.eyJ0b2tlbl90eXBlIjoicmVmcmVzaCIsImV4cCI6MTc1NjI0NjU0OCwiaWF0IjoxNzU2MTYwMTQ4LCJqdGkiOiI4M2RhOTJkYWVmMmI0MTA4YTFiNjY4NzE4NjlkOWNiZCIsInVzZXJfaWQiOiIyMyJ9.iF6-KFRFRliiMJy3_bTBH188i7pAlzEmkP8nCrBTbR4	2025-08-25 17:15:48.358956-05	2025-08-26 17:15:48-05	\N	83da92daef2b4108a1b66871869d9cbd
63	eyJhbGciOiJIUzI1NiIsInR5cCI6IkpXVCJ9.eyJ0b2tlbl90eXBlIjoicmVmcmVzaCIsImV4cCI6MTc1NjMyODQ1OSwiaWF0IjoxNzU2MjQyMDU5LCJqdGkiOiIxYWU4MGVhNGU4M2E0NWE0OTExYTMxMTkwZDIwZmNjMSJ9.f6j01KcSk6kh7UiJPUq4MF34bpwdVgTAk9j0eEHqJWI	2025-08-26 16:00:59.72837-05	2025-08-27 16:00:59-05	\N	1ae80ea4e83a45a4911a31190d20fcc1
64	eyJhbGciOiJIUzI1NiIsInR5cCI6IkpXVCJ9.eyJ0b2tlbl90eXBlIjoicmVmcmVzaCIsImV4cCI6MTc1NjMyODU3OCwiaWF0IjoxNzU2MjQyMTc4LCJqdGkiOiIwOWMzZWRjYWNmNDA0Y2UzYWMxZTAwYjJjNDE2MWRjZiIsInVzZXJfaWQiOiIyNyJ9.YbCTlLolYvD7DOiURkKMg_kgzB7xNVnick2A-u6PIw8	2025-08-26 16:02:58.96462-05	2025-08-27 16:02:58-05	27	09c3edcacf404ce3ac1e00b2c4161dcf
65	eyJhbGciOiJIUzI1NiIsInR5cCI6IkpXVCJ9.eyJ0b2tlbl90eXBlIjoicmVmcmVzaCIsImV4cCI6MTc1NjMyOTU0NCwiaWF0IjoxNzU2MjQzMTQ0LCJqdGkiOiJjZTI3YzM3MTFlNmM0N2VlYTk5ZjA5NWNhYTEzODAzNyJ9.yYGXOjdm3OSDmVVRhRp5numnu6_A-Ed5Swxn8JGKVoI	2025-08-26 16:19:04.854426-05	2025-08-27 16:19:04-05	\N	ce27c3711e6c47eea99f095caa138037
66	eyJhbGciOiJIUzI1NiIsInR5cCI6IkpXVCJ9.eyJ0b2tlbl90eXBlIjoicmVmcmVzaCIsImV4cCI6MTc1NjMyOTYwNCwiaWF0IjoxNzU2MjQzMjA0LCJqdGkiOiJkMzdiODQ4OTg0MmE0NjQ1OGIyNzRlYTk5NDQ0ZDM5OSIsInVzZXJfaWQiOiIyNyJ9.CDqwrvrXyk9bDsCPvH_myjkMh58M5CkN-OJWO8CdsU4	2025-08-26 16:20:04.030674-05	2025-08-27 16:20:04-05	27	d37b8489842a46458b274ea99444d399
67	eyJhbGciOiJIUzI1NiIsInR5cCI6IkpXVCJ9.eyJ0b2tlbl90eXBlIjoicmVmcmVzaCIsImV4cCI6MTc1NjMzMDU4OCwiaWF0IjoxNzU2MjQ0MTg4LCJqdGkiOiJkY2ZjMWFlY2IzN2U0YTNjOTQ0ZmYxNjdkMzEyMTAwNyJ9.tIAEY-IXfm4OzP5RUtuWLrEsMihq_CHUjQtLvoQNR7g	2025-08-26 16:36:28.587466-05	2025-08-27 16:36:28-05	\N	dcfc1aecb37e4a3c944ff167d3121007
68	eyJhbGciOiJIUzI1NiIsInR5cCI6IkpXVCJ9.eyJ0b2tlbl90eXBlIjoicmVmcmVzaCIsImV4cCI6MTc1NjMzMDYwMCwiaWF0IjoxNzU2MjQ0MjAwLCJqdGkiOiJjYTQwYjE2NjFkOTE0ZTExYmI3MzI0M2ZkNzVjODcyOCIsInVzZXJfaWQiOiI0In0.2wuHikKoBsX2qAeKq3YHp7xGtNBko7PQMRNP_ymsX8U	2025-08-26 16:36:40.872131-05	2025-08-27 16:36:40-05	4	ca40b1661d914e11bb73243fd75c8728
69	eyJhbGciOiJIUzI1NiIsInR5cCI6IkpXVCJ9.eyJ0b2tlbl90eXBlIjoicmVmcmVzaCIsImV4cCI6MTc1NjMzNDA4NiwiaWF0IjoxNzU2MjQ3Njg2LCJqdGkiOiI5ZmFlNDRhMDU1OGE0ZTE0ODg5MTVlMmE5OWViMmY2MCJ9.0LYgXeuL7OtT9NBgJKJ_S9KnMu9X6bH7GziVSTdmx34	2025-08-26 17:34:46.440305-05	2025-08-27 17:34:46-05	\N	9fae44a0558a4e1488915e2a99eb2f60
70	eyJhbGciOiJIUzI1NiIsInR5cCI6IkpXVCJ9.eyJ0b2tlbl90eXBlIjoicmVmcmVzaCIsImV4cCI6MTc1NjMzNDIwMSwiaWF0IjoxNzU2MjQ3ODAxLCJqdGkiOiIzYzc1YzZkYzYzNTU0NDA2OGJlMTA5NzI2ZTQ2ZjM0YyIsInVzZXJfaWQiOiI0In0.Vsy8e_MKgnr_nlXMcBRErVwks0vHuEVkugESk5y59Rk	2025-08-26 17:36:41.911269-05	2025-08-27 17:36:41-05	4	3c75c6dc635544068be109726e46f34c
71	eyJhbGciOiJIUzI1NiIsInR5cCI6IkpXVCJ9.eyJ0b2tlbl90eXBlIjoicmVmcmVzaCIsImV4cCI6MTc1NjMzNDI0NywiaWF0IjoxNzU2MjQ3ODQ3LCJqdGkiOiIwNzc5NmU0YzcyZjA0ZjgwYjRhNmExNWU4YWVjNDUxYSJ9.3setsHU4YQTQ8fbvzHmhmxS9jrDayQHZQ-Dkr7idkHE	2025-08-26 17:37:27.583283-05	2025-08-27 17:37:27-05	\N	07796e4c72f04f80b4a6a15e8aec451a
72	eyJhbGciOiJIUzI1NiIsInR5cCI6IkpXVCJ9.eyJ0b2tlbl90eXBlIjoicmVmcmVzaCIsImV4cCI6MTc1NjMzNDI2OSwiaWF0IjoxNzU2MjQ3ODY5LCJqdGkiOiI0MGQwNTk4Zjg3YWQ0YzYzOTA5ZDI4MmMxM2I4NmExMSIsInVzZXJfaWQiOiIyNyJ9.hRgLx_AacZbXFtsWUXj-A_u05wKwydZIlBqZcDWMR8k	2025-08-26 17:37:49.683472-05	2025-08-27 17:37:49-05	27	40d0598f87ad4c63909d282c13b86a11
73	eyJhbGciOiJIUzI1NiIsInR5cCI6IkpXVCJ9.eyJ0b2tlbl90eXBlIjoicmVmcmVzaCIsImV4cCI6MTc1NjMzNDc0MiwiaWF0IjoxNzU2MjQ4MzQyLCJqdGkiOiJjMTViMmRmNzVjNDQ0ZTNhYjAyY2I1OTEwNzhjYjA4ZSJ9.RccrlJvaqynThPg6a0KkQ6jRRXmYUsoLS0tOb7CJ6i8	2025-08-26 17:45:42.447368-05	2025-08-27 17:45:42-05	\N	c15b2df75c444e3ab02cb591078cb08e
74	eyJhbGciOiJIUzI1NiIsInR5cCI6IkpXVCJ9.eyJ0b2tlbl90eXBlIjoicmVmcmVzaCIsImV4cCI6MTc1NjMzNDc3OSwiaWF0IjoxNzU2MjQ4Mzc5LCJqdGkiOiJmNzkyMzczNWRlODc0YTNjYjBmNDFjM2NhMjAzZDZjMSIsInVzZXJfaWQiOiIyOCJ9.dgM-C9NaRYkr_F7aJpRFuIla6vAUpW6hTyhM-faizoI	2025-08-26 17:46:19.58377-05	2025-08-27 17:46:19-05	28	f7923735de874a3cb0f41c3ca203d6c1
75	eyJhbGciOiJIUzI1NiIsInR5cCI6IkpXVCJ9.eyJ0b2tlbl90eXBlIjoicmVmcmVzaCIsImV4cCI6MTc1NjMzNDgxNSwiaWF0IjoxNzU2MjQ4NDE1LCJqdGkiOiI5ZDM0MjZkY2UxNzM0MWYxYTdmN2I3ODM2ZmYyNThiNyJ9.QEZcO7mvuqWSd1f0dEQHkys3roEkob0Qp7heZ_Tf5_0	2025-08-26 17:46:55.810068-05	2025-08-27 17:46:55-05	\N	9d3426dce17341f1a7f7b7836ff258b7
76	eyJhbGciOiJIUzI1NiIsInR5cCI6IkpXVCJ9.eyJ0b2tlbl90eXBlIjoicmVmcmVzaCIsImV4cCI6MTc1NjMzNDg0MiwiaWF0IjoxNzU2MjQ4NDQyLCJqdGkiOiI2MDJhMWQ0MDk4YWI0NmI2OGJjNTE2MDI0ODc1NzZjMiIsInVzZXJfaWQiOiIyOSJ9.mxqDEOrTrGIvitrR3yTWbq_gslu1WtNB5y2PbqSeb28	2025-08-26 17:47:22.357982-05	2025-08-27 17:47:22-05	29	602a1d4098ab46b68bc51602487576c2
77	eyJhbGciOiJIUzI1NiIsInR5cCI6IkpXVCJ9.eyJ0b2tlbl90eXBlIjoicmVmcmVzaCIsImV4cCI6MTc1NjMzNDg3MCwiaWF0IjoxNzU2MjQ4NDcwLCJqdGkiOiI1YzdkMzdlMTFlMTg0NjU3OWIzMzhhNjE2MzVmNjU5ZCJ9.Eq3aaVH3F5KnFdBiAYxYVoKama1pbVhYcnB84Eb0aLY	2025-08-26 17:47:50.049678-05	2025-08-27 17:47:50-05	\N	5c7d37e11e1846579b338a61635f659d
78	eyJhbGciOiJIUzI1NiIsInR5cCI6IkpXVCJ9.eyJ0b2tlbl90eXBlIjoicmVmcmVzaCIsImV4cCI6MTc1NjMzNDg3OSwiaWF0IjoxNzU2MjQ4NDc5LCJqdGkiOiI5NjY5ZGYyMTQ2YmI0Mjk3YjIyMzI1OWNhNDM2MmJlYSIsInVzZXJfaWQiOiI1In0.IkanBySUL7DJ6MNWI72ZljNjEu2S_uVP5w5-NUBxt2s	2025-08-26 17:47:59.502297-05	2025-08-27 17:47:59-05	5	9669df2146bb4297b223259ca4362bea
79	eyJhbGciOiJIUzI1NiIsInR5cCI6IkpXVCJ9.eyJ0b2tlbl90eXBlIjoicmVmcmVzaCIsImV4cCI6MTc1NjMzNTgwNSwiaWF0IjoxNzU2MjQ5NDA1LCJqdGkiOiJjNjk1YTlmMWQxYWI0Y2I3OTRhNTI1ZGViNmMwNDc2OCJ9._aQCEV_0IrIdFKK2R0TfTMStMoBakm4vNOZE9TvplJ0	2025-08-26 18:03:25.076873-05	2025-08-27 18:03:25-05	\N	c695a9f1d1ab4cb794a525deb6c04768
80	eyJhbGciOiJIUzI1NiIsInR5cCI6IkpXVCJ9.eyJ0b2tlbl90eXBlIjoicmVmcmVzaCIsImV4cCI6MTc1NjMzNTgxMywiaWF0IjoxNzU2MjQ5NDEzLCJqdGkiOiI2ZDIzOTZkNWM0NTU0YjczYTg5MTU0ODIzODUzMjA0NyIsInVzZXJfaWQiOiI0In0.x2jIDNTMFSZ1vcq7E9Go8eyobl3bCS0mDj4xZE794gw	2025-08-26 18:03:33.731912-05	2025-08-27 18:03:33-05	4	6d2396d5c4554b73a891548238532047
81	eyJhbGciOiJIUzI1NiIsInR5cCI6IkpXVCJ9.eyJ0b2tlbl90eXBlIjoicmVmcmVzaCIsImV4cCI6MTc1NjMzNTg1OSwiaWF0IjoxNzU2MjQ5NDU5LCJqdGkiOiJiZjc2MmQ1ZDRkY2E0NTVmYjI4MmJlN2ZhOGM0MDgxOCJ9.eh67gt4LVDQJcxK3Qwcuo7YYQU5h1baN8Ej_0NtFwa4	2025-08-26 18:04:19.603937-05	2025-08-27 18:04:19-05	\N	bf762d5d4dca455fb282be7fa8c40818
82	eyJhbGciOiJIUzI1NiIsInR5cCI6IkpXVCJ9.eyJ0b2tlbl90eXBlIjoicmVmcmVzaCIsImV4cCI6MTc1NjMzNjMwNywiaWF0IjoxNzU2MjQ5OTA3LCJqdGkiOiJkNTFjMTczYmE1MGE0NWQ0YTdhODI0ZmI4MDY3NjIwMyIsInVzZXJfaWQiOiI1In0.QFFad3Fj4bN4bAseiuWiO6q76TSpU5wEUWu0XX7ymm4	2025-08-26 18:11:47.624797-05	2025-08-27 18:11:47-05	5	d51c173ba50a45d4a7a824fb80676203
83	eyJhbGciOiJIUzI1NiIsInR5cCI6IkpXVCJ9.eyJ0b2tlbl90eXBlIjoicmVmcmVzaCIsImV4cCI6MTc1NjMzOTcyOSwiaWF0IjoxNzU2MjUzMzI5LCJqdGkiOiI3NDQwZTk3NGVjNTY0NjliYmEwNzU4MDIzNDg2Nzc5MCJ9.L-RXFH4tioWpZwCaFQg17l4lcSawfJOSP8dHcOekV2s	2025-08-26 19:08:49.209214-05	2025-08-27 19:08:49-05	\N	7440e974ec56469bba07580234867790
84	eyJhbGciOiJIUzI1NiIsInR5cCI6IkpXVCJ9.eyJ0b2tlbl90eXBlIjoicmVmcmVzaCIsImV4cCI6MTc1NjMzOTc0MSwiaWF0IjoxNzU2MjUzMzQxLCJqdGkiOiJmOGI1NzJkYjZkYWQ0YWJlODM5MDllOTRlYzIyMjM3NSIsInVzZXJfaWQiOiIyNyJ9.m1XmEVwmg7F7qDkFfHiz6yJu4BMoJ_QYemnocjmPNys	2025-08-26 19:09:01.767088-05	2025-08-27 19:09:01-05	27	f8b572db6dad4abe83909e94ec222375
85	eyJhbGciOiJIUzI1NiIsInR5cCI6IkpXVCJ9.eyJ0b2tlbl90eXBlIjoicmVmcmVzaCIsImV4cCI6MTc1NjMzOTg0MiwiaWF0IjoxNzU2MjUzNDQyLCJqdGkiOiIwMTk0ZmRkMDQ3Y2E0OTQ4ODlmOTkyY2YzYmMzNWRkNSJ9.C3-nmdRoov4f0muUmn9bgd247aqk87o3VU8OdozP56w	2025-08-26 19:10:42.111596-05	2025-08-27 19:10:42-05	\N	0194fdd047ca494889f992cf3bc35dd5
86	eyJhbGciOiJIUzI1NiIsInR5cCI6IkpXVCJ9.eyJ0b2tlbl90eXBlIjoicmVmcmVzaCIsImV4cCI6MTc1NjMzOTg1NywiaWF0IjoxNzU2MjUzNDU3LCJqdGkiOiI2M2NiOTQ1NjQ2ZGI0YWNmYTZkOGY4OWMyMTNiZTg4YiJ9.b2yz6276wQzCI_aCfPLT0NZD4wK36LwsrR2mdPMTjgA	2025-08-26 19:10:57.64025-05	2025-08-27 19:10:57-05	\N	63cb945646db4acfa6d8f89c213be88b
87	eyJhbGciOiJIUzI1NiIsInR5cCI6IkpXVCJ9.eyJ0b2tlbl90eXBlIjoicmVmcmVzaCIsImV4cCI6MTc1NjM0MDkxMywiaWF0IjoxNzU2MjU0NTEzLCJqdGkiOiJmNzczN2YzMzY1MmU0YmRkOTRkOTNkZjBjZmIwNmFhNCIsInVzZXJfaWQiOiI1In0.JDFL4ZYcMX-pIKda43h52Tqaq41LpDW1-6wP2XfNcy4	2025-08-26 19:28:33.702001-05	2025-08-27 19:28:33-05	5	f7737f33652e4bdd94d93df0cfb06aa4
88	eyJhbGciOiJIUzI1NiIsInR5cCI6IkpXVCJ9.eyJ0b2tlbl90eXBlIjoicmVmcmVzaCIsImV4cCI6MTc1NjM0MDk4MSwiaWF0IjoxNzU2MjU0NTgxLCJqdGkiOiJiM2NkYzYyZDk1MmU0YWQ3YWY0MmRiMDJmYWNlMzU4OSIsInVzZXJfaWQiOiI0In0.3fVsl0IlkST2INdYxs3JbzpwawbQ8tkQ97TM9OTNpl4	2025-08-26 19:29:41.57753-05	2025-08-27 19:29:41-05	4	b3cdc62d952e4ad7af42db02face3589
89	eyJhbGciOiJIUzI1NiIsInR5cCI6IkpXVCJ9.eyJ0b2tlbl90eXBlIjoicmVmcmVzaCIsImV4cCI6MTc1NjM0MTUwMSwiaWF0IjoxNzU2MjU1MTAxLCJqdGkiOiI0ZjUyNTRlZDk5OWI0OWM2YWFmNWJjNzI3NDFjN2RkNCJ9.y7ZzalA8k372KLgAd3yEQ-2sz3CSLF9PHTjJWwEvXK0	2025-08-26 19:38:21.417203-05	2025-08-27 19:38:21-05	\N	4f5254ed999b49c6aaf5bc72741c7dd4
90	eyJhbGciOiJIUzI1NiIsInR5cCI6IkpXVCJ9.eyJ0b2tlbl90eXBlIjoicmVmcmVzaCIsImV4cCI6MTc1NjM0MTUwOSwiaWF0IjoxNzU2MjU1MTA5LCJqdGkiOiJlNjk3YWMzNzA0OWQ0ZWMzYWI0ZjY1YzY1YzczMGU5YiIsInVzZXJfaWQiOiI0In0.q1Y9PMchTDt78afwzRO30v9XUwTEKj9VSFgYQj3anzs	2025-08-26 19:38:29.591186-05	2025-08-27 19:38:29-05	4	e697ac37049d4ec3ab4f65c65c730e9b
\.


--
-- Name: auth_group_id_seq; Type: SEQUENCE SET; Schema: public; Owner: admin
--

SELECT pg_catalog.setval('public.auth_group_id_seq', 3, true);


--
-- Name: auth_group_permissions_id_seq; Type: SEQUENCE SET; Schema: public; Owner: admin
--

SELECT pg_catalog.setval('public.auth_group_permissions_id_seq', 111, true);


--
-- Name: auth_permission_id_seq; Type: SEQUENCE SET; Schema: public; Owner: admin
--

SELECT pg_catalog.setval('public.auth_permission_id_seq', 128, true);


--
-- Name: django_admin_log_id_seq; Type: SEQUENCE SET; Schema: public; Owner: admin
--

SELECT pg_catalog.setval('public.django_admin_log_id_seq', 129, true);


--
-- Name: django_content_type_id_seq; Type: SEQUENCE SET; Schema: public; Owner: admin
--

SELECT pg_catalog.setval('public.django_content_type_id_seq', 28, true);


--
-- Name: django_migrations_id_seq; Type: SEQUENCE SET; Schema: public; Owner: admin
--

SELECT pg_catalog.setval('public.django_migrations_id_seq', 56, true);


--
-- Name: django_rest_passwordreset_resetpasswordtoken_id_seq; Type: SEQUENCE SET; Schema: public; Owner: admin
--

SELECT pg_catalog.setval('public.django_rest_passwordreset_resetpasswordtoken_id_seq', 1, false);


--
-- Name: elearning_app_assignmentsubmission_id_seq; Type: SEQUENCE SET; Schema: public; Owner: admin
--

SELECT pg_catalog.setval('public.elearning_app_assignmentsubmission_id_seq', 14, true);


--
-- Name: elearning_app_chat_id_seq; Type: SEQUENCE SET; Schema: public; Owner: admin
--

SELECT pg_catalog.setval('public.elearning_app_chat_id_seq', 7, true);


--
-- Name: elearning_app_chatmessage_id_seq; Type: SEQUENCE SET; Schema: public; Owner: admin
--

SELECT pg_catalog.setval('public.elearning_app_chatmessage_id_seq', 18, true);


--
-- Name: elearning_app_chatmessageattachments_id_seq; Type: SEQUENCE SET; Schema: public; Owner: admin
--

SELECT pg_catalog.setval('public.elearning_app_chatmessageattachments_id_seq', 1, false);


--
-- Name: elearning_app_chatparticipant_id_seq; Type: SEQUENCE SET; Schema: public; Owner: admin
--

SELECT pg_catalog.setval('public.elearning_app_chatparticipant_id_seq', 14, true);


--
-- Name: elearning_app_course_id_seq; Type: SEQUENCE SET; Schema: public; Owner: admin
--

SELECT pg_catalog.setval('public.elearning_app_course_id_seq', 25, true);


--
-- Name: elearning_app_courseassignment_id_seq; Type: SEQUENCE SET; Schema: public; Owner: admin
--

SELECT pg_catalog.setval('public.elearning_app_courseassignment_id_seq', 19, true);


--
-- Name: elearning_app_coursemodule_id_seq; Type: SEQUENCE SET; Schema: public; Owner: admin
--

SELECT pg_catalog.setval('public.elearning_app_coursemodule_id_seq', 21, true);


--
-- Name: elearning_app_coursereview_id_seq; Type: SEQUENCE SET; Schema: public; Owner: admin
--

SELECT pg_catalog.setval('public.elearning_app_coursereview_id_seq', 4, true);


--
-- Name: elearning_app_enrollment_id_seq; Type: SEQUENCE SET; Schema: public; Owner: admin
--

SELECT pg_catalog.setval('public.elearning_app_enrollment_id_seq', 11, true);


--
-- Name: elearning_app_lessonprogress_id_seq; Type: SEQUENCE SET; Schema: public; Owner: admin
--

SELECT pg_catalog.setval('public.elearning_app_lessonprogress_id_seq', 12, true);


--
-- Name: elearning_app_modulelesson_id_seq; Type: SEQUENCE SET; Schema: public; Owner: admin
--

SELECT pg_catalog.setval('public.elearning_app_modulelesson_id_seq', 41, true);


--
-- Name: elearning_app_notification_id_seq; Type: SEQUENCE SET; Schema: public; Owner: admin
--

SELECT pg_catalog.setval('public.elearning_app_notification_id_seq', 49, true);


--
-- Name: elearning_app_statusupdate_id_seq; Type: SEQUENCE SET; Schema: public; Owner: admin
--

SELECT pg_catalog.setval('public.elearning_app_statusupdate_id_seq', 8, true);


--
-- Name: elearning_app_user_groups_id_seq; Type: SEQUENCE SET; Schema: public; Owner: admin
--

SELECT pg_catalog.setval('public.elearning_app_user_groups_id_seq', 23, true);


--
-- Name: elearning_app_user_id_seq; Type: SEQUENCE SET; Schema: public; Owner: admin
--

SELECT pg_catalog.setval('public.elearning_app_user_id_seq', 29, true);


--
-- Name: elearning_app_user_user_permissions_id_seq; Type: SEQUENCE SET; Schema: public; Owner: admin
--

SELECT pg_catalog.setval('public.elearning_app_user_user_permissions_id_seq', 1, false);


--
-- Name: elearning_app_userblocks_id_seq; Type: SEQUENCE SET; Schema: public; Owner: admin
--

SELECT pg_catalog.setval('public.elearning_app_userblocks_id_seq', 2, true);


--
-- Name: guardian_groupobjectpermission_id_seq; Type: SEQUENCE SET; Schema: public; Owner: admin
--

SELECT pg_catalog.setval('public.guardian_groupobjectpermission_id_seq', 1, false);


--
-- Name: guardian_userobjectpermission_id_seq; Type: SEQUENCE SET; Schema: public; Owner: admin
--

SELECT pg_catalog.setval('public.guardian_userobjectpermission_id_seq', 68, true);


--
-- Name: token_blacklist_blacklistedtoken_id_seq; Type: SEQUENCE SET; Schema: public; Owner: admin
--

SELECT pg_catalog.setval('public.token_blacklist_blacklistedtoken_id_seq', 58, true);


--
-- Name: token_blacklist_outstandingtoken_id_seq; Type: SEQUENCE SET; Schema: public; Owner: admin
--

SELECT pg_catalog.setval('public.token_blacklist_outstandingtoken_id_seq', 90, true);


--
-- Name: auth_group auth_group_name_key; Type: CONSTRAINT; Schema: public; Owner: admin
--

ALTER TABLE ONLY public.auth_group
    ADD CONSTRAINT auth_group_name_key UNIQUE (name);


--
-- Name: auth_group_permissions auth_group_permissions_group_id_permission_id_0cd325b0_uniq; Type: CONSTRAINT; Schema: public; Owner: admin
--

ALTER TABLE ONLY public.auth_group_permissions
    ADD CONSTRAINT auth_group_permissions_group_id_permission_id_0cd325b0_uniq UNIQUE (group_id, permission_id);


--
-- Name: auth_group_permissions auth_group_permissions_pkey; Type: CONSTRAINT; Schema: public; Owner: admin
--

ALTER TABLE ONLY public.auth_group_permissions
    ADD CONSTRAINT auth_group_permissions_pkey PRIMARY KEY (id);


--
-- Name: auth_group auth_group_pkey; Type: CONSTRAINT; Schema: public; Owner: admin
--

ALTER TABLE ONLY public.auth_group
    ADD CONSTRAINT auth_group_pkey PRIMARY KEY (id);


--
-- Name: auth_permission auth_permission_content_type_id_codename_01ab375a_uniq; Type: CONSTRAINT; Schema: public; Owner: admin
--

ALTER TABLE ONLY public.auth_permission
    ADD CONSTRAINT auth_permission_content_type_id_codename_01ab375a_uniq UNIQUE (content_type_id, codename);


--
-- Name: auth_permission auth_permission_pkey; Type: CONSTRAINT; Schema: public; Owner: admin
--

ALTER TABLE ONLY public.auth_permission
    ADD CONSTRAINT auth_permission_pkey PRIMARY KEY (id);


--
-- Name: authtoken_token authtoken_token_pkey; Type: CONSTRAINT; Schema: public; Owner: admin
--

ALTER TABLE ONLY public.authtoken_token
    ADD CONSTRAINT authtoken_token_pkey PRIMARY KEY (key);


--
-- Name: authtoken_token authtoken_token_user_id_key; Type: CONSTRAINT; Schema: public; Owner: admin
--

ALTER TABLE ONLY public.authtoken_token
    ADD CONSTRAINT authtoken_token_user_id_key UNIQUE (user_id);


--
-- Name: django_admin_log django_admin_log_pkey; Type: CONSTRAINT; Schema: public; Owner: admin
--

ALTER TABLE ONLY public.django_admin_log
    ADD CONSTRAINT django_admin_log_pkey PRIMARY KEY (id);


--
-- Name: django_content_type django_content_type_app_label_model_76bd3d3b_uniq; Type: CONSTRAINT; Schema: public; Owner: admin
--

ALTER TABLE ONLY public.django_content_type
    ADD CONSTRAINT django_content_type_app_label_model_76bd3d3b_uniq UNIQUE (app_label, model);


--
-- Name: django_content_type django_content_type_pkey; Type: CONSTRAINT; Schema: public; Owner: admin
--

ALTER TABLE ONLY public.django_content_type
    ADD CONSTRAINT django_content_type_pkey PRIMARY KEY (id);


--
-- Name: django_migrations django_migrations_pkey; Type: CONSTRAINT; Schema: public; Owner: admin
--

ALTER TABLE ONLY public.django_migrations
    ADD CONSTRAINT django_migrations_pkey PRIMARY KEY (id);


--
-- Name: django_rest_passwordreset_resetpasswordtoken django_rest_passwordreset_resetpasswordtoken_key_f1b65873_uniq; Type: CONSTRAINT; Schema: public; Owner: admin
--

ALTER TABLE ONLY public.django_rest_passwordreset_resetpasswordtoken
    ADD CONSTRAINT django_rest_passwordreset_resetpasswordtoken_key_f1b65873_uniq UNIQUE (key);


--
-- Name: django_rest_passwordreset_resetpasswordtoken django_rest_passwordreset_resetpasswordtoken_pkey; Type: CONSTRAINT; Schema: public; Owner: admin
--

ALTER TABLE ONLY public.django_rest_passwordreset_resetpasswordtoken
    ADD CONSTRAINT django_rest_passwordreset_resetpasswordtoken_pkey PRIMARY KEY (id);


--
-- Name: django_session django_session_pkey; Type: CONSTRAINT; Schema: public; Owner: admin
--

ALTER TABLE ONLY public.django_session
    ADD CONSTRAINT django_session_pkey PRIMARY KEY (session_key);


--
-- Name: elearning_app_assignmentsubmission elearning_app_assignmentsubmission_pkey; Type: CONSTRAINT; Schema: public; Owner: admin
--

ALTER TABLE ONLY public.elearning_app_assignmentsubmission
    ADD CONSTRAINT elearning_app_assignmentsubmission_pkey PRIMARY KEY (id);


--
-- Name: elearning_app_chat elearning_app_chat_pkey; Type: CONSTRAINT; Schema: public; Owner: admin
--

ALTER TABLE ONLY public.elearning_app_chat
    ADD CONSTRAINT elearning_app_chat_pkey PRIMARY KEY (id);


--
-- Name: elearning_app_chatmessage elearning_app_chatmessage_pkey; Type: CONSTRAINT; Schema: public; Owner: admin
--

ALTER TABLE ONLY public.elearning_app_chatmessage
    ADD CONSTRAINT elearning_app_chatmessage_pkey PRIMARY KEY (id);


--
-- Name: elearning_app_chatmessageattachments elearning_app_chatmessageattachments_pkey; Type: CONSTRAINT; Schema: public; Owner: admin
--

ALTER TABLE ONLY public.elearning_app_chatmessageattachments
    ADD CONSTRAINT elearning_app_chatmessageattachments_pkey PRIMARY KEY (id);


--
-- Name: elearning_app_chatparticipant elearning_app_chatparticipant_pkey; Type: CONSTRAINT; Schema: public; Owner: admin
--

ALTER TABLE ONLY public.elearning_app_chatparticipant
    ADD CONSTRAINT elearning_app_chatparticipant_pkey PRIMARY KEY (id);


--
-- Name: elearning_app_course elearning_app_course_pkey; Type: CONSTRAINT; Schema: public; Owner: admin
--

ALTER TABLE ONLY public.elearning_app_course
    ADD CONSTRAINT elearning_app_course_pkey PRIMARY KEY (id);


--
-- Name: elearning_app_assignment elearning_app_courseassignment_pkey; Type: CONSTRAINT; Schema: public; Owner: admin
--

ALTER TABLE ONLY public.elearning_app_assignment
    ADD CONSTRAINT elearning_app_courseassignment_pkey PRIMARY KEY (id);


--
-- Name: elearning_app_module elearning_app_coursemodule_pkey; Type: CONSTRAINT; Schema: public; Owner: admin
--

ALTER TABLE ONLY public.elearning_app_module
    ADD CONSTRAINT elearning_app_coursemodule_pkey PRIMARY KEY (id);


--
-- Name: elearning_app_coursereview elearning_app_coursereview_pkey; Type: CONSTRAINT; Schema: public; Owner: admin
--

ALTER TABLE ONLY public.elearning_app_coursereview
    ADD CONSTRAINT elearning_app_coursereview_pkey PRIMARY KEY (id);


--
-- Name: elearning_app_enrollment elearning_app_enrollment_pkey; Type: CONSTRAINT; Schema: public; Owner: admin
--

ALTER TABLE ONLY public.elearning_app_enrollment
    ADD CONSTRAINT elearning_app_enrollment_pkey PRIMARY KEY (id);


--
-- Name: elearning_app_lessonprogress elearning_app_lessonprogress_pkey; Type: CONSTRAINT; Schema: public; Owner: admin
--

ALTER TABLE ONLY public.elearning_app_lessonprogress
    ADD CONSTRAINT elearning_app_lessonprogress_pkey PRIMARY KEY (id);


--
-- Name: elearning_app_lesson elearning_app_modulelesson_pkey; Type: CONSTRAINT; Schema: public; Owner: admin
--

ALTER TABLE ONLY public.elearning_app_lesson
    ADD CONSTRAINT elearning_app_modulelesson_pkey PRIMARY KEY (id);


--
-- Name: elearning_app_notification elearning_app_notification_pkey; Type: CONSTRAINT; Schema: public; Owner: admin
--

ALTER TABLE ONLY public.elearning_app_notification
    ADD CONSTRAINT elearning_app_notification_pkey PRIMARY KEY (id);


--
-- Name: elearning_app_statusupdate elearning_app_statusupdate_pkey; Type: CONSTRAINT; Schema: public; Owner: admin
--

ALTER TABLE ONLY public.elearning_app_statusupdate
    ADD CONSTRAINT elearning_app_statusupdate_pkey PRIMARY KEY (id);


--
-- Name: elearning_app_user elearning_app_user_email_key; Type: CONSTRAINT; Schema: public; Owner: admin
--

ALTER TABLE ONLY public.elearning_app_user
    ADD CONSTRAINT elearning_app_user_email_key UNIQUE (email);


--
-- Name: elearning_app_user_groups elearning_app_user_groups_pkey; Type: CONSTRAINT; Schema: public; Owner: admin
--

ALTER TABLE ONLY public.elearning_app_user_groups
    ADD CONSTRAINT elearning_app_user_groups_pkey PRIMARY KEY (id);


--
-- Name: elearning_app_user_groups elearning_app_user_groups_user_id_group_id_614d319a_uniq; Type: CONSTRAINT; Schema: public; Owner: admin
--

ALTER TABLE ONLY public.elearning_app_user_groups
    ADD CONSTRAINT elearning_app_user_groups_user_id_group_id_614d319a_uniq UNIQUE (user_id, group_id);


--
-- Name: elearning_app_user elearning_app_user_pkey; Type: CONSTRAINT; Schema: public; Owner: admin
--

ALTER TABLE ONLY public.elearning_app_user
    ADD CONSTRAINT elearning_app_user_pkey PRIMARY KEY (id);


--
-- Name: elearning_app_user_user_permissions elearning_app_user_user__user_id_permission_id_ba57b877_uniq; Type: CONSTRAINT; Schema: public; Owner: admin
--

ALTER TABLE ONLY public.elearning_app_user_user_permissions
    ADD CONSTRAINT elearning_app_user_user__user_id_permission_id_ba57b877_uniq UNIQUE (user_id, permission_id);


--
-- Name: elearning_app_user_user_permissions elearning_app_user_user_permissions_pkey; Type: CONSTRAINT; Schema: public; Owner: admin
--

ALTER TABLE ONLY public.elearning_app_user_user_permissions
    ADD CONSTRAINT elearning_app_user_user_permissions_pkey PRIMARY KEY (id);


--
-- Name: elearning_app_userblock elearning_app_userblocks_pkey; Type: CONSTRAINT; Schema: public; Owner: admin
--

ALTER TABLE ONLY public.elearning_app_userblock
    ADD CONSTRAINT elearning_app_userblocks_pkey PRIMARY KEY (id);


--
-- Name: guardian_groupobjectpermission guardian_groupobjectperm_group_id_permission_id_o_3f189f7c_uniq; Type: CONSTRAINT; Schema: public; Owner: admin
--

ALTER TABLE ONLY public.guardian_groupobjectpermission
    ADD CONSTRAINT guardian_groupobjectperm_group_id_permission_id_o_3f189f7c_uniq UNIQUE (group_id, permission_id, object_pk);


--
-- Name: guardian_groupobjectpermission guardian_groupobjectpermission_pkey; Type: CONSTRAINT; Schema: public; Owner: admin
--

ALTER TABLE ONLY public.guardian_groupobjectpermission
    ADD CONSTRAINT guardian_groupobjectpermission_pkey PRIMARY KEY (id);


--
-- Name: guardian_userobjectpermission guardian_userobjectpermi_user_id_permission_id_ob_b0b3d2fc_uniq; Type: CONSTRAINT; Schema: public; Owner: admin
--

ALTER TABLE ONLY public.guardian_userobjectpermission
    ADD CONSTRAINT guardian_userobjectpermi_user_id_permission_id_ob_b0b3d2fc_uniq UNIQUE (user_id, permission_id, object_pk);


--
-- Name: guardian_userobjectpermission guardian_userobjectpermission_pkey; Type: CONSTRAINT; Schema: public; Owner: admin
--

ALTER TABLE ONLY public.guardian_userobjectpermission
    ADD CONSTRAINT guardian_userobjectpermission_pkey PRIMARY KEY (id);


--
-- Name: token_blacklist_blacklistedtoken token_blacklist_blacklistedtoken_pkey; Type: CONSTRAINT; Schema: public; Owner: admin
--

ALTER TABLE ONLY public.token_blacklist_blacklistedtoken
    ADD CONSTRAINT token_blacklist_blacklistedtoken_pkey PRIMARY KEY (id);


--
-- Name: token_blacklist_blacklistedtoken token_blacklist_blacklistedtoken_token_id_key; Type: CONSTRAINT; Schema: public; Owner: admin
--

ALTER TABLE ONLY public.token_blacklist_blacklistedtoken
    ADD CONSTRAINT token_blacklist_blacklistedtoken_token_id_key UNIQUE (token_id);


--
-- Name: token_blacklist_outstandingtoken token_blacklist_outstandingtoken_jti_hex_d9bdf6f7_uniq; Type: CONSTRAINT; Schema: public; Owner: admin
--

ALTER TABLE ONLY public.token_blacklist_outstandingtoken
    ADD CONSTRAINT token_blacklist_outstandingtoken_jti_hex_d9bdf6f7_uniq UNIQUE (jti);


--
-- Name: token_blacklist_outstandingtoken token_blacklist_outstandingtoken_pkey; Type: CONSTRAINT; Schema: public; Owner: admin
--

ALTER TABLE ONLY public.token_blacklist_outstandingtoken
    ADD CONSTRAINT token_blacklist_outstandingtoken_pkey PRIMARY KEY (id);


--
-- Name: auth_group_name_a6ea08ec_like; Type: INDEX; Schema: public; Owner: admin
--

CREATE INDEX auth_group_name_a6ea08ec_like ON public.auth_group USING btree (name varchar_pattern_ops);


--
-- Name: auth_group_permissions_group_id_b120cbf9; Type: INDEX; Schema: public; Owner: admin
--

CREATE INDEX auth_group_permissions_group_id_b120cbf9 ON public.auth_group_permissions USING btree (group_id);


--
-- Name: auth_group_permissions_permission_id_84c5c92e; Type: INDEX; Schema: public; Owner: admin
--

CREATE INDEX auth_group_permissions_permission_id_84c5c92e ON public.auth_group_permissions USING btree (permission_id);


--
-- Name: auth_permission_content_type_id_2f476e4b; Type: INDEX; Schema: public; Owner: admin
--

CREATE INDEX auth_permission_content_type_id_2f476e4b ON public.auth_permission USING btree (content_type_id);


--
-- Name: authtoken_token_key_10f0b77e_like; Type: INDEX; Schema: public; Owner: admin
--

CREATE INDEX authtoken_token_key_10f0b77e_like ON public.authtoken_token USING btree (key varchar_pattern_ops);


--
-- Name: django_admin_log_content_type_id_c4bce8eb; Type: INDEX; Schema: public; Owner: admin
--

CREATE INDEX django_admin_log_content_type_id_c4bce8eb ON public.django_admin_log USING btree (content_type_id);


--
-- Name: django_admin_log_user_id_c564eba6; Type: INDEX; Schema: public; Owner: admin
--

CREATE INDEX django_admin_log_user_id_c564eba6 ON public.django_admin_log USING btree (user_id);


--
-- Name: django_rest_passwordreset_resetpasswordtoken_key_f1b65873_like; Type: INDEX; Schema: public; Owner: admin
--

CREATE INDEX django_rest_passwordreset_resetpasswordtoken_key_f1b65873_like ON public.django_rest_passwordreset_resetpasswordtoken USING btree (key varchar_pattern_ops);


--
-- Name: django_rest_passwordreset_resetpasswordtoken_user_id_e8015b11; Type: INDEX; Schema: public; Owner: admin
--

CREATE INDEX django_rest_passwordreset_resetpasswordtoken_user_id_e8015b11 ON public.django_rest_passwordreset_resetpasswordtoken USING btree (user_id);


--
-- Name: django_session_expire_date_a5c62663; Type: INDEX; Schema: public; Owner: admin
--

CREATE INDEX django_session_expire_date_a5c62663 ON public.django_session USING btree (expire_date);


--
-- Name: django_session_session_key_c0390e0f_like; Type: INDEX; Schema: public; Owner: admin
--

CREATE INDEX django_session_session_key_c0390e0f_like ON public.django_session USING btree (session_key varchar_pattern_ops);


--
-- Name: elearning_app_assignmentsubmission_assignment_id_2de25056; Type: INDEX; Schema: public; Owner: admin
--

CREATE INDEX elearning_app_assignmentsubmission_assignment_id_2de25056 ON public.elearning_app_assignmentsubmission USING btree (assignment_id);


--
-- Name: elearning_app_assignmentsubmission_student_id_27a74547; Type: INDEX; Schema: public; Owner: admin
--

CREATE INDEX elearning_app_assignmentsubmission_student_id_27a74547 ON public.elearning_app_assignmentsubmission USING btree (student_id);


--
-- Name: elearning_app_chat_created_by_id_1cdf166a; Type: INDEX; Schema: public; Owner: admin
--

CREATE INDEX elearning_app_chat_created_by_id_1cdf166a ON public.elearning_app_chat USING btree (created_by_id);


--
-- Name: elearning_app_chatmessage_chat_id_09906519; Type: INDEX; Schema: public; Owner: admin
--

CREATE INDEX elearning_app_chatmessage_chat_id_09906519 ON public.elearning_app_chatmessage USING btree (chat_id);


--
-- Name: elearning_app_chatmessage_sender_id_441f30fe; Type: INDEX; Schema: public; Owner: admin
--

CREATE INDEX elearning_app_chatmessage_sender_id_441f30fe ON public.elearning_app_chatmessage USING btree (sender_id);


--
-- Name: elearning_app_chatmessageattachments_chat_message_id_6d84a7f3; Type: INDEX; Schema: public; Owner: admin
--

CREATE INDEX elearning_app_chatmessageattachments_chat_message_id_6d84a7f3 ON public.elearning_app_chatmessageattachments USING btree (chat_message_id);


--
-- Name: elearning_app_chatparticipant_chat_id_15180445; Type: INDEX; Schema: public; Owner: admin
--

CREATE INDEX elearning_app_chatparticipant_chat_id_15180445 ON public.elearning_app_chatparticipant USING btree (chat_id);


--
-- Name: elearning_app_chatparticipant_user_id_c42511db; Type: INDEX; Schema: public; Owner: admin
--

CREATE INDEX elearning_app_chatparticipant_user_id_c42511db ON public.elearning_app_chatparticipant USING btree (user_id);


--
-- Name: elearning_app_course_taught_by_id_dd99c55f; Type: INDEX; Schema: public; Owner: admin
--

CREATE INDEX elearning_app_course_taught_by_id_dd99c55f ON public.elearning_app_course USING btree (taught_by_id);


--
-- Name: elearning_app_courseassignment_module_id_cf5db0c3; Type: INDEX; Schema: public; Owner: admin
--

CREATE INDEX elearning_app_courseassignment_module_id_cf5db0c3 ON public.elearning_app_assignment USING btree (module_id);


--
-- Name: elearning_app_coursemodule_course_id_e02f502d; Type: INDEX; Schema: public; Owner: admin
--

CREATE INDEX elearning_app_coursemodule_course_id_e02f502d ON public.elearning_app_module USING btree (course_id);


--
-- Name: elearning_app_coursereview_course_id_da7cef5d; Type: INDEX; Schema: public; Owner: admin
--

CREATE INDEX elearning_app_coursereview_course_id_da7cef5d ON public.elearning_app_coursereview USING btree (course_id);


--
-- Name: elearning_app_coursereview_student_id_7f1a8ce8; Type: INDEX; Schema: public; Owner: admin
--

CREATE INDEX elearning_app_coursereview_student_id_7f1a8ce8 ON public.elearning_app_coursereview USING btree (student_id);


--
-- Name: elearning_app_enrollment_course_id_3a0153b1; Type: INDEX; Schema: public; Owner: admin
--

CREATE INDEX elearning_app_enrollment_course_id_3a0153b1 ON public.elearning_app_enrollment USING btree (course_id);


--
-- Name: elearning_app_enrollment_student_id_c96be9db; Type: INDEX; Schema: public; Owner: admin
--

CREATE INDEX elearning_app_enrollment_student_id_c96be9db ON public.elearning_app_enrollment USING btree (student_id);


--
-- Name: elearning_app_lessonprogress_lesson_id_97149eb7; Type: INDEX; Schema: public; Owner: admin
--

CREATE INDEX elearning_app_lessonprogress_lesson_id_97149eb7 ON public.elearning_app_lessonprogress USING btree (lesson_id);


--
-- Name: elearning_app_lessonprogress_student_id_05b3fb61; Type: INDEX; Schema: public; Owner: admin
--

CREATE INDEX elearning_app_lessonprogress_student_id_05b3fb61 ON public.elearning_app_lessonprogress USING btree (student_id);


--
-- Name: elearning_app_modulelesson_module_id_a59d38f0; Type: INDEX; Schema: public; Owner: admin
--

CREATE INDEX elearning_app_modulelesson_module_id_a59d38f0 ON public.elearning_app_lesson USING btree (module_id);


--
-- Name: elearning_app_notification_related_course_id_f346a79c; Type: INDEX; Schema: public; Owner: admin
--

CREATE INDEX elearning_app_notification_related_course_id_f346a79c ON public.elearning_app_notification USING btree (related_course_id);


--
-- Name: elearning_app_notification_user_id_e2bea8f1; Type: INDEX; Schema: public; Owner: admin
--

CREATE INDEX elearning_app_notification_user_id_e2bea8f1 ON public.elearning_app_notification USING btree (user_id);


--
-- Name: elearning_app_statusupdate_course_id_aa1f3568; Type: INDEX; Schema: public; Owner: admin
--

CREATE INDEX elearning_app_statusupdate_course_id_aa1f3568 ON public.elearning_app_statusupdate USING btree (course_id);


--
-- Name: elearning_app_statusupdate_student_id_4915fe81; Type: INDEX; Schema: public; Owner: admin
--

CREATE INDEX elearning_app_statusupdate_student_id_4915fe81 ON public.elearning_app_statusupdate USING btree (student_id);


--
-- Name: elearning_app_user_email_bf7ccf1a_like; Type: INDEX; Schema: public; Owner: admin
--

CREATE INDEX elearning_app_user_email_bf7ccf1a_like ON public.elearning_app_user USING btree (email varchar_pattern_ops);


--
-- Name: elearning_app_user_groups_group_id_47390f5e; Type: INDEX; Schema: public; Owner: admin
--

CREATE INDEX elearning_app_user_groups_group_id_47390f5e ON public.elearning_app_user_groups USING btree (group_id);


--
-- Name: elearning_app_user_groups_user_id_426a88c9; Type: INDEX; Schema: public; Owner: admin
--

CREATE INDEX elearning_app_user_groups_user_id_426a88c9 ON public.elearning_app_user_groups USING btree (user_id);


--
-- Name: elearning_app_user_user_permissions_permission_id_645951ee; Type: INDEX; Schema: public; Owner: admin
--

CREATE INDEX elearning_app_user_user_permissions_permission_id_645951ee ON public.elearning_app_user_user_permissions USING btree (permission_id);


--
-- Name: elearning_app_user_user_permissions_user_id_88d5903c; Type: INDEX; Schema: public; Owner: admin
--

CREATE INDEX elearning_app_user_user_permissions_user_id_88d5903c ON public.elearning_app_user_user_permissions USING btree (user_id);


--
-- Name: elearning_app_userblocks_blocked_by_id_4ff1ef7e; Type: INDEX; Schema: public; Owner: admin
--

CREATE INDEX elearning_app_userblocks_blocked_by_id_4ff1ef7e ON public.elearning_app_userblock USING btree (blocked_by_id);


--
-- Name: elearning_app_userblocks_blocked_user_id_7e1cc397; Type: INDEX; Schema: public; Owner: admin
--

CREATE INDEX elearning_app_userblocks_blocked_user_id_7e1cc397 ON public.elearning_app_userblock USING btree (blocked_user_id);


--
-- Name: guardian_gr_content_ae6aec_idx; Type: INDEX; Schema: public; Owner: admin
--

CREATE INDEX guardian_gr_content_ae6aec_idx ON public.guardian_groupobjectpermission USING btree (content_type_id, object_pk);


--
-- Name: guardian_groupobjectpermission_content_type_id_7ade36b8; Type: INDEX; Schema: public; Owner: admin
--

CREATE INDEX guardian_groupobjectpermission_content_type_id_7ade36b8 ON public.guardian_groupobjectpermission USING btree (content_type_id);


--
-- Name: guardian_groupobjectpermission_group_id_4bbbfb62; Type: INDEX; Schema: public; Owner: admin
--

CREATE INDEX guardian_groupobjectpermission_group_id_4bbbfb62 ON public.guardian_groupobjectpermission USING btree (group_id);


--
-- Name: guardian_groupobjectpermission_permission_id_36572738; Type: INDEX; Schema: public; Owner: admin
--

CREATE INDEX guardian_groupobjectpermission_permission_id_36572738 ON public.guardian_groupobjectpermission USING btree (permission_id);


--
-- Name: guardian_us_content_179ed2_idx; Type: INDEX; Schema: public; Owner: admin
--

CREATE INDEX guardian_us_content_179ed2_idx ON public.guardian_userobjectpermission USING btree (content_type_id, object_pk);


--
-- Name: guardian_userobjectpermission_content_type_id_2e892405; Type: INDEX; Schema: public; Owner: admin
--

CREATE INDEX guardian_userobjectpermission_content_type_id_2e892405 ON public.guardian_userobjectpermission USING btree (content_type_id);


--
-- Name: guardian_userobjectpermission_permission_id_71807bfc; Type: INDEX; Schema: public; Owner: admin
--

CREATE INDEX guardian_userobjectpermission_permission_id_71807bfc ON public.guardian_userobjectpermission USING btree (permission_id);


--
-- Name: guardian_userobjectpermission_user_id_d5c1e964; Type: INDEX; Schema: public; Owner: admin
--

CREATE INDEX guardian_userobjectpermission_user_id_d5c1e964 ON public.guardian_userobjectpermission USING btree (user_id);


--
-- Name: token_blacklist_outstandingtoken_jti_hex_d9bdf6f7_like; Type: INDEX; Schema: public; Owner: admin
--

CREATE INDEX token_blacklist_outstandingtoken_jti_hex_d9bdf6f7_like ON public.token_blacklist_outstandingtoken USING btree (jti varchar_pattern_ops);


--
-- Name: token_blacklist_outstandingtoken_user_id_83bc629a; Type: INDEX; Schema: public; Owner: admin
--

CREATE INDEX token_blacklist_outstandingtoken_user_id_83bc629a ON public.token_blacklist_outstandingtoken USING btree (user_id);


--
-- Name: auth_group_permissions auth_group_permissio_permission_id_84c5c92e_fk_auth_perm; Type: FK CONSTRAINT; Schema: public; Owner: admin
--

ALTER TABLE ONLY public.auth_group_permissions
    ADD CONSTRAINT auth_group_permissio_permission_id_84c5c92e_fk_auth_perm FOREIGN KEY (permission_id) REFERENCES public.auth_permission(id) DEFERRABLE INITIALLY DEFERRED;


--
-- Name: auth_group_permissions auth_group_permissions_group_id_b120cbf9_fk_auth_group_id; Type: FK CONSTRAINT; Schema: public; Owner: admin
--

ALTER TABLE ONLY public.auth_group_permissions
    ADD CONSTRAINT auth_group_permissions_group_id_b120cbf9_fk_auth_group_id FOREIGN KEY (group_id) REFERENCES public.auth_group(id) DEFERRABLE INITIALLY DEFERRED;


--
-- Name: auth_permission auth_permission_content_type_id_2f476e4b_fk_django_co; Type: FK CONSTRAINT; Schema: public; Owner: admin
--

ALTER TABLE ONLY public.auth_permission
    ADD CONSTRAINT auth_permission_content_type_id_2f476e4b_fk_django_co FOREIGN KEY (content_type_id) REFERENCES public.django_content_type(id) DEFERRABLE INITIALLY DEFERRED;


--
-- Name: authtoken_token authtoken_token_user_id_35299eff_fk_elearning_app_user_id; Type: FK CONSTRAINT; Schema: public; Owner: admin
--

ALTER TABLE ONLY public.authtoken_token
    ADD CONSTRAINT authtoken_token_user_id_35299eff_fk_elearning_app_user_id FOREIGN KEY (user_id) REFERENCES public.elearning_app_user(id) DEFERRABLE INITIALLY DEFERRED;


--
-- Name: django_admin_log django_admin_log_content_type_id_c4bce8eb_fk_django_co; Type: FK CONSTRAINT; Schema: public; Owner: admin
--

ALTER TABLE ONLY public.django_admin_log
    ADD CONSTRAINT django_admin_log_content_type_id_c4bce8eb_fk_django_co FOREIGN KEY (content_type_id) REFERENCES public.django_content_type(id) DEFERRABLE INITIALLY DEFERRED;


--
-- Name: django_admin_log django_admin_log_user_id_c564eba6_fk_elearning_app_user_id; Type: FK CONSTRAINT; Schema: public; Owner: admin
--

ALTER TABLE ONLY public.django_admin_log
    ADD CONSTRAINT django_admin_log_user_id_c564eba6_fk_elearning_app_user_id FOREIGN KEY (user_id) REFERENCES public.elearning_app_user(id) DEFERRABLE INITIALLY DEFERRED;


--
-- Name: django_rest_passwordreset_resetpasswordtoken django_rest_password_user_id_e8015b11_fk_elearning; Type: FK CONSTRAINT; Schema: public; Owner: admin
--

ALTER TABLE ONLY public.django_rest_passwordreset_resetpasswordtoken
    ADD CONSTRAINT django_rest_password_user_id_e8015b11_fk_elearning FOREIGN KEY (user_id) REFERENCES public.elearning_app_user(id) DEFERRABLE INITIALLY DEFERRED;


--
-- Name: elearning_app_assignmentsubmission elearning_app_assign_assignment_id_2de25056_fk_elearning; Type: FK CONSTRAINT; Schema: public; Owner: admin
--

ALTER TABLE ONLY public.elearning_app_assignmentsubmission
    ADD CONSTRAINT elearning_app_assign_assignment_id_2de25056_fk_elearning FOREIGN KEY (assignment_id) REFERENCES public.elearning_app_assignment(id) DEFERRABLE INITIALLY DEFERRED;


--
-- Name: elearning_app_assignment elearning_app_assign_module_id_f769fc8e_fk_elearning; Type: FK CONSTRAINT; Schema: public; Owner: admin
--

ALTER TABLE ONLY public.elearning_app_assignment
    ADD CONSTRAINT elearning_app_assign_module_id_f769fc8e_fk_elearning FOREIGN KEY (module_id) REFERENCES public.elearning_app_module(id) DEFERRABLE INITIALLY DEFERRED;


--
-- Name: elearning_app_assignmentsubmission elearning_app_assign_student_id_27a74547_fk_elearning; Type: FK CONSTRAINT; Schema: public; Owner: admin
--

ALTER TABLE ONLY public.elearning_app_assignmentsubmission
    ADD CONSTRAINT elearning_app_assign_student_id_27a74547_fk_elearning FOREIGN KEY (student_id) REFERENCES public.elearning_app_user(id) DEFERRABLE INITIALLY DEFERRED;


--
-- Name: elearning_app_chat elearning_app_chat_created_by_id_1cdf166a_fk_elearning; Type: FK CONSTRAINT; Schema: public; Owner: admin
--

ALTER TABLE ONLY public.elearning_app_chat
    ADD CONSTRAINT elearning_app_chat_created_by_id_1cdf166a_fk_elearning FOREIGN KEY (created_by_id) REFERENCES public.elearning_app_user(id) DEFERRABLE INITIALLY DEFERRED;


--
-- Name: elearning_app_chatmessage elearning_app_chatme_chat_id_09906519_fk_elearning; Type: FK CONSTRAINT; Schema: public; Owner: admin
--

ALTER TABLE ONLY public.elearning_app_chatmessage
    ADD CONSTRAINT elearning_app_chatme_chat_id_09906519_fk_elearning FOREIGN KEY (chat_id) REFERENCES public.elearning_app_chat(id) DEFERRABLE INITIALLY DEFERRED;


--
-- Name: elearning_app_chatmessageattachments elearning_app_chatme_chat_message_id_6d84a7f3_fk_elearning; Type: FK CONSTRAINT; Schema: public; Owner: admin
--

ALTER TABLE ONLY public.elearning_app_chatmessageattachments
    ADD CONSTRAINT elearning_app_chatme_chat_message_id_6d84a7f3_fk_elearning FOREIGN KEY (chat_message_id) REFERENCES public.elearning_app_chatmessage(id) DEFERRABLE INITIALLY DEFERRED;


--
-- Name: elearning_app_chatmessage elearning_app_chatme_sender_id_441f30fe_fk_elearning; Type: FK CONSTRAINT; Schema: public; Owner: admin
--

ALTER TABLE ONLY public.elearning_app_chatmessage
    ADD CONSTRAINT elearning_app_chatme_sender_id_441f30fe_fk_elearning FOREIGN KEY (sender_id) REFERENCES public.elearning_app_user(id) DEFERRABLE INITIALLY DEFERRED;


--
-- Name: elearning_app_chatparticipant elearning_app_chatpa_chat_id_15180445_fk_elearning; Type: FK CONSTRAINT; Schema: public; Owner: admin
--

ALTER TABLE ONLY public.elearning_app_chatparticipant
    ADD CONSTRAINT elearning_app_chatpa_chat_id_15180445_fk_elearning FOREIGN KEY (chat_id) REFERENCES public.elearning_app_chat(id) DEFERRABLE INITIALLY DEFERRED;


--
-- Name: elearning_app_chatparticipant elearning_app_chatpa_user_id_c42511db_fk_elearning; Type: FK CONSTRAINT; Schema: public; Owner: admin
--

ALTER TABLE ONLY public.elearning_app_chatparticipant
    ADD CONSTRAINT elearning_app_chatpa_user_id_c42511db_fk_elearning FOREIGN KEY (user_id) REFERENCES public.elearning_app_user(id) DEFERRABLE INITIALLY DEFERRED;


--
-- Name: elearning_app_coursereview elearning_app_course_course_id_da7cef5d_fk_elearning; Type: FK CONSTRAINT; Schema: public; Owner: admin
--

ALTER TABLE ONLY public.elearning_app_coursereview
    ADD CONSTRAINT elearning_app_course_course_id_da7cef5d_fk_elearning FOREIGN KEY (course_id) REFERENCES public.elearning_app_course(id) DEFERRABLE INITIALLY DEFERRED;


--
-- Name: elearning_app_module elearning_app_course_course_id_e02f502d_fk_elearning; Type: FK CONSTRAINT; Schema: public; Owner: admin
--

ALTER TABLE ONLY public.elearning_app_module
    ADD CONSTRAINT elearning_app_course_course_id_e02f502d_fk_elearning FOREIGN KEY (course_id) REFERENCES public.elearning_app_course(id) DEFERRABLE INITIALLY DEFERRED;


--
-- Name: elearning_app_coursereview elearning_app_course_student_id_7f1a8ce8_fk_elearning; Type: FK CONSTRAINT; Schema: public; Owner: admin
--

ALTER TABLE ONLY public.elearning_app_coursereview
    ADD CONSTRAINT elearning_app_course_student_id_7f1a8ce8_fk_elearning FOREIGN KEY (student_id) REFERENCES public.elearning_app_user(id) DEFERRABLE INITIALLY DEFERRED;


--
-- Name: elearning_app_course elearning_app_course_taught_by_id_dd99c55f_fk_elearning; Type: FK CONSTRAINT; Schema: public; Owner: admin
--

ALTER TABLE ONLY public.elearning_app_course
    ADD CONSTRAINT elearning_app_course_taught_by_id_dd99c55f_fk_elearning FOREIGN KEY (taught_by_id) REFERENCES public.elearning_app_user(id) DEFERRABLE INITIALLY DEFERRED;


--
-- Name: elearning_app_enrollment elearning_app_enroll_course_id_3a0153b1_fk_elearning; Type: FK CONSTRAINT; Schema: public; Owner: admin
--

ALTER TABLE ONLY public.elearning_app_enrollment
    ADD CONSTRAINT elearning_app_enroll_course_id_3a0153b1_fk_elearning FOREIGN KEY (course_id) REFERENCES public.elearning_app_course(id) DEFERRABLE INITIALLY DEFERRED;


--
-- Name: elearning_app_enrollment elearning_app_enroll_student_id_c96be9db_fk_elearning; Type: FK CONSTRAINT; Schema: public; Owner: admin
--

ALTER TABLE ONLY public.elearning_app_enrollment
    ADD CONSTRAINT elearning_app_enroll_student_id_c96be9db_fk_elearning FOREIGN KEY (student_id) REFERENCES public.elearning_app_user(id) DEFERRABLE INITIALLY DEFERRED;


--
-- Name: elearning_app_lessonprogress elearning_app_lesson_lesson_id_97149eb7_fk_elearning; Type: FK CONSTRAINT; Schema: public; Owner: admin
--

ALTER TABLE ONLY public.elearning_app_lessonprogress
    ADD CONSTRAINT elearning_app_lesson_lesson_id_97149eb7_fk_elearning FOREIGN KEY (lesson_id) REFERENCES public.elearning_app_lesson(id) DEFERRABLE INITIALLY DEFERRED;


--
-- Name: elearning_app_lesson elearning_app_lesson_module_id_d686f6f6_fk_elearning; Type: FK CONSTRAINT; Schema: public; Owner: admin
--

ALTER TABLE ONLY public.elearning_app_lesson
    ADD CONSTRAINT elearning_app_lesson_module_id_d686f6f6_fk_elearning FOREIGN KEY (module_id) REFERENCES public.elearning_app_module(id) DEFERRABLE INITIALLY DEFERRED;


--
-- Name: elearning_app_lessonprogress elearning_app_lesson_student_id_05b3fb61_fk_elearning; Type: FK CONSTRAINT; Schema: public; Owner: admin
--

ALTER TABLE ONLY public.elearning_app_lessonprogress
    ADD CONSTRAINT elearning_app_lesson_student_id_05b3fb61_fk_elearning FOREIGN KEY (student_id) REFERENCES public.elearning_app_user(id) DEFERRABLE INITIALLY DEFERRED;


--
-- Name: elearning_app_notification elearning_app_notifi_related_course_id_f346a79c_fk_elearning; Type: FK CONSTRAINT; Schema: public; Owner: admin
--

ALTER TABLE ONLY public.elearning_app_notification
    ADD CONSTRAINT elearning_app_notifi_related_course_id_f346a79c_fk_elearning FOREIGN KEY (related_course_id) REFERENCES public.elearning_app_course(id) DEFERRABLE INITIALLY DEFERRED;


--
-- Name: elearning_app_notification elearning_app_notifi_user_id_e2bea8f1_fk_elearning; Type: FK CONSTRAINT; Schema: public; Owner: admin
--

ALTER TABLE ONLY public.elearning_app_notification
    ADD CONSTRAINT elearning_app_notifi_user_id_e2bea8f1_fk_elearning FOREIGN KEY (user_id) REFERENCES public.elearning_app_user(id) DEFERRABLE INITIALLY DEFERRED;


--
-- Name: elearning_app_statusupdate elearning_app_status_course_id_aa1f3568_fk_elearning; Type: FK CONSTRAINT; Schema: public; Owner: admin
--

ALTER TABLE ONLY public.elearning_app_statusupdate
    ADD CONSTRAINT elearning_app_status_course_id_aa1f3568_fk_elearning FOREIGN KEY (course_id) REFERENCES public.elearning_app_course(id) DEFERRABLE INITIALLY DEFERRED;


--
-- Name: elearning_app_statusupdate elearning_app_status_student_id_4915fe81_fk_elearning; Type: FK CONSTRAINT; Schema: public; Owner: admin
--

ALTER TABLE ONLY public.elearning_app_statusupdate
    ADD CONSTRAINT elearning_app_status_student_id_4915fe81_fk_elearning FOREIGN KEY (student_id) REFERENCES public.elearning_app_user(id) DEFERRABLE INITIALLY DEFERRED;


--
-- Name: elearning_app_user_groups elearning_app_user_g_user_id_426a88c9_fk_elearning; Type: FK CONSTRAINT; Schema: public; Owner: admin
--

ALTER TABLE ONLY public.elearning_app_user_groups
    ADD CONSTRAINT elearning_app_user_g_user_id_426a88c9_fk_elearning FOREIGN KEY (user_id) REFERENCES public.elearning_app_user(id) DEFERRABLE INITIALLY DEFERRED;


--
-- Name: elearning_app_user_groups elearning_app_user_groups_group_id_47390f5e_fk_auth_group_id; Type: FK CONSTRAINT; Schema: public; Owner: admin
--

ALTER TABLE ONLY public.elearning_app_user_groups
    ADD CONSTRAINT elearning_app_user_groups_group_id_47390f5e_fk_auth_group_id FOREIGN KEY (group_id) REFERENCES public.auth_group(id) DEFERRABLE INITIALLY DEFERRED;


--
-- Name: elearning_app_user_user_permissions elearning_app_user_u_permission_id_645951ee_fk_auth_perm; Type: FK CONSTRAINT; Schema: public; Owner: admin
--

ALTER TABLE ONLY public.elearning_app_user_user_permissions
    ADD CONSTRAINT elearning_app_user_u_permission_id_645951ee_fk_auth_perm FOREIGN KEY (permission_id) REFERENCES public.auth_permission(id) DEFERRABLE INITIALLY DEFERRED;


--
-- Name: elearning_app_user_user_permissions elearning_app_user_u_user_id_88d5903c_fk_elearning; Type: FK CONSTRAINT; Schema: public; Owner: admin
--

ALTER TABLE ONLY public.elearning_app_user_user_permissions
    ADD CONSTRAINT elearning_app_user_u_user_id_88d5903c_fk_elearning FOREIGN KEY (user_id) REFERENCES public.elearning_app_user(id) DEFERRABLE INITIALLY DEFERRED;


--
-- Name: elearning_app_userblock elearning_app_userbl_blocked_by_id_4ff1ef7e_fk_elearning; Type: FK CONSTRAINT; Schema: public; Owner: admin
--

ALTER TABLE ONLY public.elearning_app_userblock
    ADD CONSTRAINT elearning_app_userbl_blocked_by_id_4ff1ef7e_fk_elearning FOREIGN KEY (blocked_by_id) REFERENCES public.elearning_app_user(id) DEFERRABLE INITIALLY DEFERRED;


--
-- Name: elearning_app_userblock elearning_app_userbl_blocked_user_id_7e1cc397_fk_elearning; Type: FK CONSTRAINT; Schema: public; Owner: admin
--

ALTER TABLE ONLY public.elearning_app_userblock
    ADD CONSTRAINT elearning_app_userbl_blocked_user_id_7e1cc397_fk_elearning FOREIGN KEY (blocked_user_id) REFERENCES public.elearning_app_user(id) DEFERRABLE INITIALLY DEFERRED;


--
-- Name: guardian_groupobjectpermission guardian_groupobject_content_type_id_7ade36b8_fk_django_co; Type: FK CONSTRAINT; Schema: public; Owner: admin
--

ALTER TABLE ONLY public.guardian_groupobjectpermission
    ADD CONSTRAINT guardian_groupobject_content_type_id_7ade36b8_fk_django_co FOREIGN KEY (content_type_id) REFERENCES public.django_content_type(id) DEFERRABLE INITIALLY DEFERRED;


--
-- Name: guardian_groupobjectpermission guardian_groupobject_group_id_4bbbfb62_fk_auth_grou; Type: FK CONSTRAINT; Schema: public; Owner: admin
--

ALTER TABLE ONLY public.guardian_groupobjectpermission
    ADD CONSTRAINT guardian_groupobject_group_id_4bbbfb62_fk_auth_grou FOREIGN KEY (group_id) REFERENCES public.auth_group(id) DEFERRABLE INITIALLY DEFERRED;


--
-- Name: guardian_groupobjectpermission guardian_groupobject_permission_id_36572738_fk_auth_perm; Type: FK CONSTRAINT; Schema: public; Owner: admin
--

ALTER TABLE ONLY public.guardian_groupobjectpermission
    ADD CONSTRAINT guardian_groupobject_permission_id_36572738_fk_auth_perm FOREIGN KEY (permission_id) REFERENCES public.auth_permission(id) DEFERRABLE INITIALLY DEFERRED;


--
-- Name: guardian_userobjectpermission guardian_userobjectp_content_type_id_2e892405_fk_django_co; Type: FK CONSTRAINT; Schema: public; Owner: admin
--

ALTER TABLE ONLY public.guardian_userobjectpermission
    ADD CONSTRAINT guardian_userobjectp_content_type_id_2e892405_fk_django_co FOREIGN KEY (content_type_id) REFERENCES public.django_content_type(id) DEFERRABLE INITIALLY DEFERRED;


--
-- Name: guardian_userobjectpermission guardian_userobjectp_permission_id_71807bfc_fk_auth_perm; Type: FK CONSTRAINT; Schema: public; Owner: admin
--

ALTER TABLE ONLY public.guardian_userobjectpermission
    ADD CONSTRAINT guardian_userobjectp_permission_id_71807bfc_fk_auth_perm FOREIGN KEY (permission_id) REFERENCES public.auth_permission(id) DEFERRABLE INITIALLY DEFERRED;


--
-- Name: guardian_userobjectpermission guardian_userobjectp_user_id_d5c1e964_fk_elearning; Type: FK CONSTRAINT; Schema: public; Owner: admin
--

ALTER TABLE ONLY public.guardian_userobjectpermission
    ADD CONSTRAINT guardian_userobjectp_user_id_d5c1e964_fk_elearning FOREIGN KEY (user_id) REFERENCES public.elearning_app_user(id) DEFERRABLE INITIALLY DEFERRED;


--
-- Name: token_blacklist_blacklistedtoken token_blacklist_blacklistedtoken_token_id_3cc7fe56_fk; Type: FK CONSTRAINT; Schema: public; Owner: admin
--

ALTER TABLE ONLY public.token_blacklist_blacklistedtoken
    ADD CONSTRAINT token_blacklist_blacklistedtoken_token_id_3cc7fe56_fk FOREIGN KEY (token_id) REFERENCES public.token_blacklist_outstandingtoken(id) DEFERRABLE INITIALLY DEFERRED;


--
-- Name: token_blacklist_outstandingtoken token_blacklist_outs_user_id_83bc629a_fk_elearning; Type: FK CONSTRAINT; Schema: public; Owner: admin
--

ALTER TABLE ONLY public.token_blacklist_outstandingtoken
    ADD CONSTRAINT token_blacklist_outs_user_id_83bc629a_fk_elearning FOREIGN KEY (user_id) REFERENCES public.elearning_app_user(id) DEFERRABLE INITIALLY DEFERRED;


--
-- Name: SCHEMA public; Type: ACL; Schema: -; Owner: pg_database_owner
--

GRANT CREATE ON SCHEMA public TO admin;


--
-- PostgreSQL database dump complete
--

